0,(0, 1, 0, 0, 0, 0, 0, 0, 1),1,1,9
0,(0, 0, 1, 0, 0, 1, 0, 0, 1),1,1,9
0,(1, 1, 1, 0, 1, 0, 1, 0, 1),1,1,9
0,(1, 1, 0, 1, 0, 0, 1, 1, 1),1,1,9
0,(1, 0, 0, 1, 1, 1, 0, 1, 1),1,1,9
0,(1, 1, 1, 0, 1, 1, 0, 1, 1),1,1,9
0,(1, 0, 1, 1, 0, 0, 0, 1, 1),1,1,9
0,(1, 0, 1, 1, 1, 0, 0, 1, 0),1,1,9
0,(1, 0, 1, 0, 0, 1, 1, 1, 0),1,1,9
0,(1, 1, 0, 1, 0, 0, 1, 0, 1),1,1,8
0,(0, 1, 1, 0, 1, 1, 0, 0, 1),1,1,9
0,(1, 1, 0, 0, 1, 0, 0, 1, 0),1,1,9
0,(0, 0, 0, 1, 0, 0, 0, 1, 0),1,1,9
0,(0, 1, 0, 1, 0, 0, 1, 0, 1),1,1,8
0,(0, 0, 1, 0, 0, 1, 1, 1, 1),1,1,9
0,(0, 0, 0, 0, 0, 0, 0, 1, 0),1,1,8
0,(0, 1, 1, 0, 0, 0, 1, 1, 1),1,1,9
0,(0, 1, 0, 1, 0, 0, 0, 0, 1),1,1,7
0,(1, 1, 1, 1, 0, 0, 0, 0, 1),1,1,9
0,(1, 1, 1, 0, 0, 0, 1, 1, 0),1,1,9
0,(0, 1, 1, 0, 1, 1, 1, 0, 1),1,1,8
0,(1, 0, 1, 1, 1, 0, 1, 1, 0),1,1,8
0,(0, 0, 0, 0, 0, 0, 0, 0, 0),1,1,8
0,(0, 0, 1, 1, 1, 1, 1, 0, 1),1,1,9
0,(0, 1, 1, 1, 0, 0, 0, 1, 1),1,1,9
0,(1, 0, 0, 1, 0, 1, 1, 1, 1),1,1,9
0,(0, 1, 0, 0, 1, 1, 1, 0, 0),1,1,9
0,(0, 0, 0, 1, 0, 1, 0, 0, 1),1,1,9
0,(0, 1, 1, 1, 0, 1, 1, 0, 0),1,1,9
0,(1, 1, 1, 0, 1, 0, 1, 1, 0),1,1,8
0,(0, 0, 1, 0, 1, 0, 1, 1, 0),1,1,9
0,(0, 1, 1, 0, 0, 0, 0, 1, 0),1,1,9
0,(0, 1, 0, 0, 1, 1, 0, 0, 1),1,1,8
0,(0, 0, 1, 1, 1, 1, 1, 0, 0),1,1,8
0,(1, 0, 0, 1, 0, 0, 1, 0, 0),1,1,9
0,(0, 1, 1, 0, 1, 1, 0, 0, 0),1,1,8
0,(1, 0, 0, 0, 1, 0, 1, 0, 1),1,1,9
0,(0, 1, 1, 1, 0, 0, 1, 1, 0),1,1,9
0,(1, 1, 0, 0, 1, 0, 0, 0, 1),1,1,9
0,(0, 1, 1, 1, 0, 1, 0, 0, 0),1,1,8
0,(1, 0, 1, 0, 1, 1, 1, 1, 0),1,1,8
0,(0, 0, 0, 0, 1, 0, 0, 1, 1),1,1,9
0,(1, 1, 1, 0, 0, 1, 1, 0, 0),1,1,9
0,(1, 1, 1, 0, 0, 0, 0, 0, 0),1,1,9
0,(0, 0, 0, 1, 0, 0, 0, 1, 1),1,1,8
0,(1, 1, 1, 0, 0, 1, 0, 0, 0),1,1,7
0,(0, 0, 1, 0, 1, 1, 1, 1, 1),1,1,8
0,(0, 1, 0, 1, 0, 0, 1, 1, 1),1,1,7
0,(0, 1, 0, 0, 0, 1, 1, 1, 0),1,1,9
0,(0, 0, 0, 1, 1, 1, 1, 1, 1),1,1,9
0,(1, 1, 0, 0, 1, 1, 0, 1, 0),1,1,8
0,(0, 1, 0, 1, 0, 0, 1, 0, 0),1,1,8
0,(0, 1, 1, 1, 1, 1, 1, 1, 0),1,1,9
0,(0, 0, 0, 0, 0, 0, 1, 1, 1),1,1,9
0,(0, 0, 1, 1, 0, 1, 1, 0, 0),1,1,7
0,(0, 0, 1, 1, 1, 1, 1, 1, 0),1,1,7
0,(0, 1, 0, 0, 1, 0, 1, 1, 1),1,1,9
0,(0, 0, 1, 0, 1, 0, 0, 1, 1),1,1,8
0,(0, 0, 1, 0, 1, 0, 0, 1, 0),1,1,7
0,(0, 1, 0, 0, 0, 0, 1, 1, 1),1,1,5
0,(1, 1, 1, 1, 0, 0, 0, 0, 0),1,1,7
0,(1, 1, 1, 1, 1, 1, 1, 0, 1),1,1,9
0,(0, 1, 1, 1, 0, 1, 1, 0, 1),1,1,8
0,(1, 1, 1, 1, 0, 1, 0, 0, 0),1,1,6
0,(0, 1, 1, 0, 0, 1, 0, 0, 0),1,1,6
0,(0, 0, 0, 1, 1, 1, 1, 1, 0),1,1,7
0,(0, 1, 0, 0, 0, 1, 0, 1, 0),1,1,8
0,(0, 0, 1, 1, 0, 0, 0, 0, 0),1,1,9
0,(0, 1, 1, 0, 0, 1, 0, 1, 0),1,1,6
0,(0, 0, 1, 0, 0, 1, 0, 1, 1),1,1,7
0,(0, 1, 0, 1, 1, 0, 0, 1, 1),1,1,9
0,(0, 0, 0, 1, 0, 1, 0, 1, 1),1,1,7
0,(1, 1, 0, 1, 0, 1, 0, 1, 0),1,1,9
0,(0, 0, 1, 1, 1, 0, 1, 0, 1),1,1,8
0,(1, 0, 0, 0, 0, 1, 0, 0, 0),1,1,9
0,(0, 1, 0, 0, 0, 1, 1, 0, 1),1,1,9
0,(1, 1, 0, 0, 0, 1, 0, 0, 1),1,1,9
0,(1, 1, 0, 0, 0, 1, 1, 1, 1),1,1,9
0,(1, 0, 0, 0, 1, 0, 1, 0, 0),1,1,8
0,(0, 1, 0, 0, 1, 1, 1, 1, 1),1,1,8
0,(1, 1, 0, 1, 0, 1, 0, 0, 1),1,1,8
0,(0, 0, 1, 1, 0, 1, 0, 1, 0),1,1,9
0,(0, 0, 0, 0, 0, 0, 1, 1, 0),1,1,7
0,(1, 0, 0, 0, 0, 0, 0, 1, 1),1,1,9
0,(1, 1, 1, 0, 0, 0, 1, 1, 1),1,1,7
0,(1, 0, 0, 0, 0, 0, 1, 0, 0),1,1,7
0,(0, 1, 1, 1, 0, 0, 0, 0, 1),1,1,6
0,(0, 0, 0, 0, 1, 1, 1, 0, 1),1,1,9
0,(0, 0, 1, 0, 0, 0, 1, 1, 0),1,1,7
0,(1, 0, 1, 1, 1, 1, 0, 1, 1),1,1,8
0,(1, 1, 0, 0, 1, 0, 1, 1, 0),1,1,7
0,(1, 0, 0, 0, 0, 1, 1, 1, 0),1,1,8
0,(0, 0, 1, 1, 1, 0, 0, 1, 0),1,1,7
0,(0, 1, 1, 1, 1, 0, 0, 1, 1),1,1,7
0,(1, 1, 0, 0, 1, 1, 1, 1, 0),1,1,7
0,(1, 0, 1, 0, 1, 0, 0, 0, 0),1,1,9
0,(1, 0, 0, 0, 1, 0, 0, 0, 1),1,1,7
0,(0, 0, 1, 1, 0, 0, 1, 1, 1),1,1,9
0,(0, 1, 1, 0, 0, 0, 1, 0, 0),1,1,9
0,(1, 0, 1, 0, 0, 0, 1, 1, 1),1,1,8
0,(1, 1, 1, 0, 0, 1, 0, 1, 1),1,1,8
0,(1, 1, 0, 1, 1, 1, 0, 0, 1),1,1,8
0,(0, 0, 1, 1, 1, 1, 1, 1, 1),1,1,5
0,(0, 0, 0, 1, 0, 1, 1, 1, 1),1,1,6
0,(0, 1, 0, 1, 0, 1, 0, 1, 0),1,1,7
0,(1, 0, 1, 1, 0, 0, 0, 0, 1),1,1,7
0,(0, 0, 1, 1, 1, 0, 1, 0, 0),1,1,7
0,(0, 0, 1, 1, 0, 1, 1, 0, 1),1,1,6
0,(0, 0, 1, 1, 1, 1, 0, 0, 0),1,1,8
0,(1, 1, 1, 0, 1, 1, 1, 1, 0),1,1,6
0,(1, 0, 1, 0, 1, 1, 1, 0, 1),1,1,9
0,(1, 0, 1, 1, 1, 1, 0, 1, 0),1,1,7
0,(1, 1, 1, 0, 1, 0, 0, 0, 1),1,1,7
0,(0, 0, 0, 1, 1, 0, 1, 0, 1),1,1,8
0,(0, 0, 0, 1, 1, 1, 1, 0, 0),1,1,7
1,(1, 0, 0, 1, 1, 0, 1, 0, 1),1,1,7
1,(1, 0, 0, 0, 0, 0, 0, 1, 0),1,1,7
1,(1, 0, 0, 1, 0, 1, 1, 0, 0),1,1,8
1,(1, 0, 1, 0, 1, 0, 0, 0, 1),1,1,6
1,(1, 1, 1, 0, 1, 0, 0, 0, 1),2,1,1
1,(1, 1, 1, 0, 0, 0, 0, 1, 0),1,1,6
1,(0, 0, 1, 1, 0, 0, 0, 1, 0),1,1,5
1,(0, 0, 1, 0, 1, 1, 0, 0, 1),1,1,7
1,(0, 0, 1, 0, 0, 1, 1, 0, 1),1,2,7
1,(1, 0, 1, 1, 1, 0, 0, 0, 1),1,1,7
1,(1, 0, 0, 0, 0, 1, 1, 1, 1),1,1,6
1,(1, 0, 0, 0, 1, 1, 0, 1, 0),1,2,8
1,(0, 1, 1, 1, 0, 1, 0, 0, 1),1,1,6
1,(1, 0, 1, 0, 0, 1, 0, 0, 0),1,1,7
1,(0, 0, 1, 1, 1, 0, 0, 0, 1),1,1,7
1,(1, 0, 0, 0, 1, 1, 1, 1, 1),1,2,8
1,(1, 1, 0, 0, 0, 1, 0, 1, 0),1,1,6
1,(0, 1, 1, 0, 1, 0, 1, 0, 0),1,1,8
1,(0, 1, 0, 0, 0, 0, 0, 1, 1),1,4,8
1,(0, 1, 1, 1, 1, 0, 0, 0, 1),1,16,6
1,(1, 0, 0, 0, 0, 1, 0, 1, 0),1,15,4
1,(0, 1, 0, 1, 1, 0, 0, 0, 0),1,2,9
1,(0, 1, 1, 0, 1, 1, 0, 0, 0),2,1,3
1,(0, 0, 0, 0, 0, 1, 0, 0, 1),1,3,8
1,(1, 0, 1, 1, 0, 0, 1, 1, 0),1,2,8
1,(0, 0, 1, 0, 0, 1, 0, 0, 1),2,14,4
1,(0, 1, 0, 1, 1, 1, 1, 1, 0),1,7,8
1,(1, 1, 0, 0, 0, 0, 0, 0, 0),1,7,8
1,(1, 1, 1, 0, 1, 0, 0, 1, 1),1,2,8
1,(0, 1, 0, 1, 0, 1, 1, 0, 1),1,4,6
1,(1, 0, 0, 0, 1, 0, 0, 1, 1),1,3,6
1,(0, 0, 0, 0, 0, 1, 0, 1, 1),1,27,6
1,(0, 1, 0, 1, 1, 0, 0, 0, 1),1,24,5
1,(0, 1, 1, 0, 1, 1, 0, 1, 0),1,11,7
1,(1, 1, 1, 1, 0, 1, 1, 0, 1),1,8,7
1,(1, 0, 0, 1, 0, 1, 0, 0, 1),1,3,7
1,(1, 1, 1, 1, 1, 0, 1, 1, 0),1,3,7
1,(1, 0, 1, 0, 0, 1, 0, 0, 1),1,5,7
1,(1, 0, 1, 1, 0, 1, 0, 1, 0),1,7,7
1,(1, 0, 0, 1, 0, 1, 0, 0, 0),1,11,6
1,(1, 0, 1, 0, 0, 0, 1, 0, 0),1,10,8
1,(1, 1, 1, 1, 0, 0, 0, 1, 1),1,6,6
1,(0, 1, 1, 0, 0, 1, 0, 1, 0),2,1,6
1,(0, 0, 1, 0, 1, 1, 0, 1, 0),1,3,7
1,(1, 1, 1, 0, 1, 0, 1, 1, 1),1,21,5
1,(1, 1, 0, 0, 1, 0, 1, 1, 0),2,1,1
1,(1, 1, 0, 0, 0, 0, 0, 0, 1),1,2,7
1,(1, 0, 1, 1, 0, 1, 1, 1, 1),1,6,8
1,(0, 0, 1, 1, 1, 0, 1, 1, 1),1,3,6
1,(0, 1, 0, 0, 1, 0, 1, 0, 0),1,2,8
1,(0, 1, 1, 1, 1, 0, 0, 0, 0),1,2,7
1,(1, 0, 0, 1, 1, 1, 0, 0, 1),1,2,6
1,(1, 1, 1, 1, 1, 1, 0, 0, 0),1,5,8
1,(0, 1, 0, 1, 0, 1, 1, 1, 0),1,5,6
1,(1, 1, 0, 1, 1, 0, 1, 1, 1),1,3,8
1,(0, 1, 1, 1, 0, 0, 0, 0, 0),1,6,5
1,(1, 1, 0, 1, 1, 0, 1, 1, 0),1,17,6
1,(1, 1, 1, 1, 1, 0, 0, 0, 0),1,7,6
1,(0, 0, 0, 1, 1, 1, 1, 1, 0),2,4,4
1,(1, 0, 0, 1, 0, 0, 0, 0, 1),1,29,7
1,(1, 0, 1, 1, 0, 1, 0, 0, 1),1,50,6
1,(1, 1, 0, 1, 1, 1, 1, 1, 0),1,2,6
1,(0, 0, 1, 1, 0, 1, 0, 1, 0),2,2,6
1,(0, 0, 0, 0, 1, 1, 0, 0, 1),1,2,6
1,(0, 1, 1, 0, 1, 0, 1, 0, 1),1,6,7
1,(0, 0, 1, 1, 1, 1, 0, 1, 1),1,4,7
1,(0, 1, 0, 0, 0, 1, 0, 0, 0),1,4,7
1,(0, 1, 0, 1, 0, 0, 0, 0, 0),1,7,5
1,(1, 1, 0, 0, 1, 0, 0, 1, 1),1,2,5
1,(1, 0, 0, 1, 1, 1, 1, 0, 1),1,6,7
1,(0, 1, 1, 1, 1, 0, 0, 1, 1),2,3,4
1,(1, 1, 1, 0, 0, 1, 1, 1, 1),1,2,6
1,(0, 1, 1, 1, 0, 0, 0, 1, 1),2,1,5
1,(0, 0, 1, 1, 0, 0, 0, 1, 1),1,2,5
1,(0, 1, 0, 1, 1, 0, 1, 1, 1),1,2,6
1,(1, 1, 1, 1, 0, 0, 1, 1, 0),1,2,5
1,(0, 1, 1, 0, 1, 1, 0, 1, 1),1,18,7
1,(0, 0, 1, 0, 1, 0, 1, 1, 1),1,5,5
1,(1, 1, 1, 1, 1, 0, 0, 0, 1),1,4,4
1,(1, 0, 1, 1, 1, 1, 0, 0, 0),1,5,6
1,(0, 0, 1, 1, 1, 0, 1, 1, 0),1,9,3
1,(0, 1, 0, 0, 0, 0, 0, 0, 1),2,6,6
1,(0, 0, 1, 0, 1, 0, 0, 0, 1),1,11,5
1,(0, 1, 0, 1, 1, 0, 1, 0, 0),1,6,6
1,(1, 1, 1, 0, 1, 0, 0, 0, 0),1,7,5
1,(1, 1, 0, 1, 0, 1, 0, 0, 0),1,11,5
1,(1, 1, 1, 1, 0, 0, 1, 1, 1),1,3,5
1,(0, 1, 1, 1, 1, 0, 1, 1, 0),1,6,5
1,(0, 0, 1, 1, 0, 0, 1, 0, 0),1,17,6
1,(0, 0, 0, 0, 0, 0, 0, 0, 1),1,13,6
1,(0, 1, 0, 1, 1, 1, 0, 1, 0),1,2,7
1,(1, 0, 1, 0, 0, 1, 1, 0, 0),1,3,5
1,(1, 0, 0, 0, 1, 1, 0, 0, 1),1,3,6
1,(0, 0, 0, 1, 0, 1, 0, 0, 0),1,2,7
1,(0, 0, 0, 1, 0, 1, 1, 1, 0),1,5,6
1,(0, 1, 1, 0, 0, 0, 1, 1, 0),1,2,5
1,(0, 1, 0, 0, 1, 0, 0, 0, 1),1,2,7
1,(1, 1, 0, 1, 0, 1, 1, 0, 1),1,4,6
2,(1, 1, 0, 1, 0, 0, 1, 0, 0),1,2,7
2,(0, 0, 0, 1, 1, 0, 1, 1, 1),1,2,6
2,(1, 0, 0, 1, 1, 1, 1, 0, 0),1,2,6
2,(1, 1, 1, 1, 1, 0, 1, 0, 0),1,3,7
2,(1, 0, 0, 0, 1, 1, 1, 0, 0),1,2,7
2,(0, 1, 1, 1, 0, 1, 0, 1, 1),1,2,7
2,(1, 0, 0, 0, 1, 0, 1, 0, 1),2,1,6
2,(1, 1, 1, 1, 0, 0, 0, 0, 1),2,1,4
2,(1, 0, 1, 0, 1, 1, 0, 1, 0),1,2,5
2,(1, 1, 0, 0, 1, 1, 0, 1, 0),2,1,5
2,(1, 0, 1, 0, 1, 0, 0, 1, 0),1,2,5
2,(1, 1, 0, 0, 1, 0, 1, 1, 1),1,5,5
2,(0, 0, 1, 1, 1, 1, 0, 0, 0),2,1,7
2,(0, 1, 0, 0, 0, 0, 1, 0, 0),1,2,6
2,(0, 1, 1, 1, 1, 0, 1, 0, 0),1,3,3
2,(1, 1, 0, 1, 1, 1, 1, 0, 1),1,2,6
2,(0, 1, 0, 0, 1, 0, 1, 0, 1),1,4,6
2,(0, 1, 0, 0, 1, 1, 1, 1, 1),2,1,9
2,(1, 0, 0, 0, 1, 1, 1, 1, 1),2,1,8
2,(0, 1, 0, 0, 0, 0, 0, 1, 0),1,3,8
2,(1, 0, 0, 0, 0, 1, 1, 0, 1),1,3,8
2,(0, 0, 1, 1, 0, 1, 1, 0, 1),2,1,7
2,(1, 0, 0, 1, 1, 0, 1, 0, 0),1,3,5
2,(1, 1, 0, 1, 1, 0, 0, 1, 1),1,12,6
2,(1, 1, 0, 0, 1, 1, 1, 1, 1),1,3,5
2,(1, 1, 1, 1, 1, 0, 0, 1, 1),1,3,4
2,(0, 0, 1, 1, 0, 0, 0, 0, 0),2,2,6
2,(0, 0, 0, 0, 1, 0, 0, 0, 0),1,6,8
2,(0, 1, 0, 1, 1, 1, 0, 1, 1),1,4,7
2,(1, 1, 1, 1, 0, 1, 1, 1, 1),1,3,5
2,(1, 1, 1, 1, 0, 1, 0, 1, 1),1,4,6
2,(0, 1, 0, 1, 0, 1, 0, 0, 1),1,3,5
2,(0, 0, 0, 1, 1, 0, 1, 1, 0),1,3,6
2,(1, 0, 1, 0, 1, 0, 1, 1, 1),1,11,7
2,(1, 1, 0, 0, 1, 1, 0, 0, 0),1,16,8
2,(0, 1, 0, 1, 1, 0, 0, 1, 1),2,1,4
2,(1, 1, 1, 0, 1, 1, 0, 1, 0),1,28,5
2,(1, 0, 0, 1, 1, 0, 0, 1, 1),1,7,7
2,(1, 1, 1, 0, 0, 1, 1, 1, 0),1,9,7
2,(1, 0, 1, 0, 0, 1, 0, 0, 0),2,1,6
2,(0, 1, 1, 0, 0, 1, 0, 0, 0),2,2,6
2,(0, 0, 0, 0, 0, 1, 0, 0, 0),1,5,5
2,(1, 0, 1, 1, 0, 0, 0, 0, 0),1,9,7
2,(1, 0, 0, 1, 0, 0, 0, 1, 1),1,3,5
2,(1, 0, 1, 1, 0, 0, 1, 0, 1),1,13,9
2,(1, 1, 1, 1, 1, 0, 1, 0, 1),1,3,7
2,(0, 0, 1, 0, 0, 1, 0, 1, 0),1,66,6
2,(0, 1, 1, 1, 0, 0, 1, 0, 1),1,5,8
2,(0, 1, 0, 0, 0, 0, 0, 1, 1),2,1,6
2,(0, 1, 0, 0, 1, 0, 1, 1, 0),1,3,7
2,(0, 1, 0, 0, 0, 1, 0, 0, 1),1,15,4
2,(1, 1, 0, 0, 0, 0, 1, 0, 0),1,4,7
2,(0, 1, 1, 0, 1, 0, 0, 0, 0),1,10,5
2,(1, 1, 0, 1, 0, 1, 1, 1, 0),1,4,6
2,(1, 0, 1, 0, 0, 1, 0, 0, 1),2,1,6
2,(1, 1, 0, 0, 0, 0, 1, 1, 1),1,3,6
2,(0, 1, 0, 1, 1, 1, 1, 1, 1),1,5,5
2,(1, 0, 1, 0, 1, 0, 0, 0, 0),2,1,6
2,(0, 0, 0, 0, 1, 1, 1, 1, 0),1,48,9
2,(0, 0, 0, 1, 1, 1, 1, 1, 0),3,1,3
2,(0, 0, 0, 0, 1, 0, 0, 0, 1),1,26,4
2,(0, 1, 0, 0, 0, 1, 0, 1, 1),1,32,7
2,(0, 0, 1, 0, 0, 0, 1, 0, 0),1,28,8
2,(1, 0, 1, 1, 1, 1, 0, 1, 0),2,1,5
2,(1, 0, 1, 0, 0, 1, 0, 1, 0),1,5,4
2,(1, 1, 0, 1, 1, 0, 1, 1, 0),2,1,5
2,(0, 1, 1, 0, 1, 1, 0, 0, 1),2,1,5
2,(1, 1, 0, 1, 1, 0, 0, 0, 0),1,4,7
2,(1, 0, 1, 1, 0, 1, 0, 1, 0),2,1,6
2,(1, 1, 1, 1, 0, 1, 1, 0, 1),2,1,6
2,(0, 0, 1, 1, 1, 1, 0, 1, 1),2,1,8
2,(1, 0, 1, 1, 1, 0, 0, 0, 0),1,4,4
2,(1, 0, 0, 0, 0, 1, 1, 0, 0),1,6,5
2,(0, 0, 1, 1, 1, 0, 0, 1, 0),2,1,7
2,(0, 1, 0, 1, 1, 0, 1, 0, 1),1,13,5
2,(1, 0, 1, 1, 0, 1, 1, 1, 0),1,14,6
2,(1, 0, 1, 0, 0, 0, 0, 0, 1),1,10,7
2,(1, 0, 1, 0, 0, 0, 0, 1, 1),1,7,8
2,(0, 1, 0, 1, 1, 0, 0, 0, 0),2,1,5
2,(0, 1, 0, 1, 1, 0, 0, 1, 0),1,5,6
2,(1, 0, 1, 1, 1, 0, 0, 1, 1),1,3,5
2,(0, 1, 1, 1, 1, 0, 1, 0, 1),1,3,2
2,(1, 1, 0, 0, 1, 1, 0, 1, 1),1,12,6
2,(0, 0, 1, 0, 0, 0, 1, 0, 1),1,7,8
2,(0, 0, 1, 1, 1, 1, 0, 0, 1),1,4,5
2,(1, 0, 0, 1, 0, 1, 1, 0, 1),1,5,4
2,(1, 1, 0, 1, 1, 1, 0, 0, 1),2,1,7
2,(0, 1, 0, 1, 1, 1, 0, 0, 1),1,5,5
2,(0, 0, 1, 0, 1, 1, 1, 1, 0),1,7,6
2,(0, 1, 1, 1, 1, 0, 1, 1, 1),1,6,4
2,(1, 1, 0, 1, 0, 1, 1, 0, 0),1,5,4
2,(1, 1, 0, 0, 1, 0, 0, 1, 0),2,1,6
2,(1, 1, 0, 1, 1, 1, 1, 1, 1),1,5,4
2,(1, 1, 1, 1, 1, 1, 1, 0, 1),2,25,6
2,(0, 1, 1, 0, 1, 0, 1, 1, 1),1,15,7
2,(1, 1, 0, 1, 1, 1, 0, 1, 1),1,13,4
2,(1, 0, 0, 0, 1, 1, 1, 1, 0),1,3,6
2,(1, 1, 1, 0, 0, 0, 1, 1, 0),2,3,5
2,(1, 1, 0, 0, 1, 0, 0, 0, 1),2,2,6
2,(1, 1, 0, 1, 1, 1, 1, 1, 0),2,1,5
2,(1, 1, 0, 0, 0, 1, 0, 0, 0),1,3,5
2,(0, 1, 1, 0, 1, 1, 0, 1, 1),2,1,7
2,(0, 0, 1, 1, 0, 1, 1, 0, 0),2,2,7
2,(0, 0, 0, 1, 0, 1, 1, 0, 0),1,3,6
2,(1, 0, 0, 1, 0, 1, 1, 0, 0),2,1,3
2,(1, 1, 1, 0, 0, 0, 0, 1, 0),2,1,8
2,(0, 1, 0, 1, 0, 0, 1, 1, 1),2,2,7
2,(0, 1, 1, 0, 1, 1, 1, 0, 0),1,6,8
3,(1, 0, 0, 1, 0, 0, 1, 1, 1),1,5,7
3,(1, 0, 1, 0, 1, 1, 1, 1, 1),1,10,7
3,(1, 1, 1, 1, 1, 1, 0, 1, 0),1,3,6
3,(1, 1, 0, 0, 1, 0, 1, 0, 0),1,3,6
3,(1, 1, 1, 0, 1, 1, 0, 1, 0),2,1,1
3,(0, 1, 1, 0, 1, 0, 0, 0, 1),1,3,4
3,(1, 1, 1, 0, 0, 1, 0, 1, 0),1,3,4
3,(1, 0, 0, 1, 0, 0, 0, 0, 0),1,3,7
3,(1, 1, 1, 0, 1, 1, 1, 0, 0),1,3,8
3,(0, 0, 1, 1, 0, 0, 1, 1, 0),1,3,6
3,(1, 0, 0, 0, 0, 0, 1, 1, 1),1,59,7
3,(1, 0, 1, 1, 1, 1, 1, 1, 0),1,3,6
3,(1, 0, 1, 1, 1, 0, 1, 1, 0),2,1,6
3,(1, 0, 1, 0, 1, 0, 1, 0, 1),1,4,6
3,(0, 0, 0, 1, 1, 1, 0, 0, 0),1,3,8
3,(0, 1, 0, 0, 1, 1, 1, 0, 1),1,23,7
3,(1, 0, 0, 0, 1, 1, 0, 1, 0),2,8,6
3,(1, 0, 1, 0, 0, 1, 1, 1, 1),1,35,6
3,(0, 0, 1, 1, 0, 1, 1, 1, 1),1,4,8
3,(1, 1, 0, 1, 0, 1, 0, 0, 0),2,1,5
3,(0, 0, 0, 1, 0, 1, 1, 0, 1),1,5,7
3,(1, 1, 0, 1, 0, 0, 0, 1, 0),1,4,8
3,(0, 0, 1, 0, 0, 0, 0, 1, 1),1,4,6
3,(0, 0, 1, 0, 1, 0, 0, 1, 1),2,5,6
3,(1, 0, 0, 0, 0, 0, 1, 0, 1),1,10,6
3,(0, 0, 1, 0, 1, 1, 0, 0, 0),1,4,8
3,(0, 0, 1, 0, 0, 1, 1, 0, 0),1,4,7
3,(1, 0, 1, 0, 0, 1, 1, 0, 0),2,1,6
3,(0, 0, 1, 1, 0, 0, 0, 0, 0),3,1,5
3,(1, 0, 1, 0, 0, 0, 1, 1, 1),2,2,5
3,(0, 1, 1, 1, 0, 1, 0, 1, 0),1,4,7
3,(0, 1, 1, 0, 0, 0, 0, 1, 1),1,6,7
3,(1, 1, 1, 1, 1, 0, 1, 0, 0),2,1,5
3,(1, 0, 1, 1, 0, 1, 0, 1, 1),1,5,6
3,(0, 0, 0, 1, 1, 0, 0, 1, 1),1,7,6
3,(0, 1, 0, 1, 0, 0, 1, 0, 0),2,2,9
3,(0, 0, 1, 1, 0, 0, 1, 0, 0),2,1,5
3,(0, 0, 0, 1, 0, 0, 1, 0, 0),1,12,6
3,(1, 1, 1, 0, 0, 1, 0, 0, 0),2,2,5
3,(0, 0, 0, 1, 0, 0, 0, 1, 0),2,2,9
3,(1, 0, 0, 0, 0, 0, 0, 1, 0),2,3,9
3,(0, 1, 1, 0, 0, 1, 0, 1, 0),3,33,5
3,(0, 1, 0, 0, 0, 1, 0, 0, 0),2,1,5
3,(1, 0, 1, 1, 0, 0, 1, 0, 1),2,1,9
3,(0, 0, 0, 0, 0, 1, 0, 0, 1),2,1,5
3,(0, 0, 0, 0, 1, 0, 0, 1, 1),2,2,6
3,(1, 0, 0, 0, 0, 0, 0, 1, 1),2,2,6
3,(0, 0, 0, 0, 0, 0, 0, 1, 1),1,7,5
3,(1, 1, 1, 1, 0, 0, 0, 1, 0),1,4,6
3,(0, 1, 1, 1, 1, 1, 1, 1, 1),1,5,7
3,(1, 0, 0, 0, 0, 1, 0, 0, 1),1,6,6
3,(0, 1, 0, 1, 1, 0, 1, 1, 1),2,1,2
3,(0, 1, 0, 0, 1, 0, 1, 1, 1),2,3,5
3,(0, 1, 0, 1, 0, 1, 1, 1, 0),2,1,6
3,(0, 0, 0, 0, 0, 1, 1, 1, 0),1,44,8
3,(1, 1, 1, 1, 0, 1, 0, 0, 0),2,7,6
3,(0, 1, 1, 1, 0, 1, 1, 1, 0),1,30,7
3,(0, 0, 0, 0, 1, 1, 1, 0, 1),2,2,7
3,(0, 0, 0, 0, 0, 1, 1, 0, 1),1,39,6
3,(1, 1, 0, 1, 0, 0, 1, 0, 1),2,24,8
3,(1, 0, 1, 0, 1, 0, 0, 0, 0),3,1,5
3,(1, 0, 0, 0, 1, 0, 0, 0, 1),2,2,6
3,(1, 0, 0, 1, 1, 0, 0, 0, 0),1,22,6
3,(1, 0, 1, 0, 0, 1, 0, 1, 1),1,39,4
3,(0, 1, 1, 0, 0, 0, 1, 0, 0),2,2,8
3,(1, 1, 1, 0, 1, 1, 1, 1, 0),2,2,6
3,(0, 1, 0, 1, 0, 1, 0, 1, 0),2,2,6
3,(0, 1, 1, 1, 1, 0, 1, 1, 0),2,2,7
3,(0, 1, 0, 0, 1, 1, 0, 0, 1),2,3,3
3,(1, 1, 1, 0, 1, 0, 1, 0, 1),2,5,7
3,(0, 1, 1, 0, 0, 1, 1, 0, 0),1,10,5
3,(0, 1, 0, 1, 0, 0, 0, 1, 0),1,7,5
3,(1, 1, 1, 1, 1, 0, 0, 0, 0),2,1,3
3,(1, 0, 0, 0, 1, 0, 0, 0, 0),1,5,5
3,(0, 0, 0, 1, 1, 1, 0, 1, 1),1,4,8
3,(0, 0, 0, 1, 1, 0, 0, 1, 0),1,17,4
3,(1, 0, 0, 1, 1, 1, 0, 1, 0),1,15,8
3,(1, 1, 0, 1, 1, 1, 0, 1, 0),1,4,3
3,(1, 1, 1, 0, 1, 1, 1, 1, 1),1,4,6
3,(1, 1, 0, 1, 0, 0, 0, 0, 0),1,15,5
3,(1, 1, 1, 1, 0, 0, 1, 1, 1),2,1,9
3,(1, 0, 1, 1, 0, 1, 0, 0, 1),2,2,7
3,(0, 0, 1, 1, 0, 1, 0, 1, 1),1,7,7
3,(0, 0, 0, 1, 0, 1, 0, 0, 1),2,2,6
3,(0, 0, 0, 1, 0, 0, 0, 0, 1),1,9,7
3,(1, 0, 0, 1, 1, 0, 0, 0, 1),1,10,6
3,(0, 0, 0, 1, 1, 0, 0, 0, 1),1,10,5
3,(0, 1, 0, 1, 1, 0, 0, 0, 1),2,2,4
3,(0, 0, 0, 1, 1, 1, 0, 1, 0),1,16,4
3,(0, 1, 1, 0, 1, 0, 1, 1, 0),1,10,6
3,(0, 0, 1, 0, 1, 0, 1, 0, 1),1,4,6
3,(0, 1, 1, 1, 0, 0, 1, 0, 0),1,18,4
3,(0, 0, 0, 0, 1, 1, 0, 1, 1),1,28,6
3,(1, 1, 1, 0, 1, 0, 0, 1, 1),2,2,8
3,(0, 0, 1, 0, 1, 1, 0, 0, 1),2,1,5
3,(0, 0, 1, 0, 0, 0, 1, 1, 0),2,3,7
3,(0, 0, 0, 0, 1, 0, 1, 1, 0),1,4,8
3,(0, 1, 0, 1, 0, 0, 1, 1, 0),1,4,5
3,(0, 0, 1, 1, 1, 1, 1, 1, 0),2,1,6
4,(0, 0, 0, 1, 1, 0, 1, 0, 1),2,4,8
4,(0, 0, 0, 0, 1, 0, 1, 0, 1),1,5,5
4,(1, 0, 1, 0, 0, 1, 0, 1, 0),2,1,3
4,(0, 0, 1, 0, 0, 1, 0, 1, 0),2,1,7
4,(1, 1, 0, 0, 0, 1, 0, 1, 0),2,2,7
4,(0, 1, 0, 0, 0, 1, 0, 1, 0),2,3,4
4,(0, 1, 0, 0, 0, 0, 1, 0, 1),1,26,9
4,(0, 1, 1, 1, 0, 0, 0, 1, 1),3,2,8
4,(0, 1, 1, 1, 0, 0, 0, 0, 1),2,3,6
4,(1, 0, 1, 1, 0, 1, 1, 1, 1),2,2,6
4,(0, 0, 1, 0, 0, 0, 1, 0, 1),2,1,7
4,(0, 0, 0, 1, 1, 1, 1, 1, 1),2,4,7
4,(0, 0, 0, 0, 1, 1, 1, 1, 1),1,5,5
4,(0, 0, 1, 1, 0, 1, 1, 0, 1),3,2,6
4,(1, 0, 0, 0, 0, 0, 0, 0, 0),1,5,6
4,(0, 0, 0, 0, 1, 0, 1, 0, 0),1,5,6
4,(0, 1, 0, 0, 1, 0, 1, 0, 0),2,2,8
4,(0, 0, 1, 0, 0, 0, 1, 0, 0),2,1,4
4,(0, 1, 0, 0, 0, 0, 1, 0, 0),2,2,5
4,(1, 0, 0, 0, 0, 0, 1, 0, 0),2,10,7
4,(0, 0, 1, 1, 0, 0, 0, 0, 0),4,1,6
4,(1, 0, 0, 1, 0, 0, 0, 0, 0),2,1,5
4,(0, 1, 0, 1, 1, 1, 1, 0, 0),1,5,9
4,(1, 1, 0, 0, 0, 0, 0, 1, 1),1,6,7
4,(0, 1, 0, 1, 1, 0, 1, 0, 0),2,2,6
4,(1, 0, 0, 1, 0, 0, 1, 0, 0),2,4,5
4,(1, 0, 1, 1, 1, 0, 1, 0, 1),1,33,6
4,(1, 1, 1, 1, 1, 0, 1, 0, 0),3,1,6
4,(1, 1, 1, 0, 1, 1, 0, 0, 0),1,7,5
4,(1, 1, 1, 1, 0, 1, 1, 1, 0),1,7,7
4,(0, 1, 1, 1, 1, 1, 1, 0, 0),1,30,7
4,(0, 0, 1, 0, 1, 1, 1, 0, 0),1,14,6
4,(1, 0, 0, 1, 1, 1, 1, 1, 1),1,12,7
4,(0, 1, 1, 0, 0, 1, 0, 0, 0),3,1,5
4,(1, 0, 0, 0, 0, 1, 0, 0, 0),2,6,5
4,(0, 1, 1, 0, 0, 1, 0, 0, 1),1,5,6
4,(1, 1, 1, 1, 0, 1, 0, 0, 1),1,6,6
4,(0, 0, 0, 0, 0, 0, 0, 0, 0),2,2,8
4,(0, 0, 0, 1, 0, 0, 0, 1, 0),3,1,7
4,(1, 1, 0, 0, 0, 0, 1, 0, 1),1,54,5
4,(0, 1, 1, 1, 0, 0, 1, 0, 1),2,1,6
4,(1, 0, 1, 1, 0, 0, 1, 0, 1),3,1,8
4,(0, 0, 1, 0, 1, 1, 1, 0, 1),1,6,5
4,(1, 0, 1, 0, 1, 1, 1, 0, 1),2,3,7
4,(1, 0, 1, 1, 1, 0, 0, 1, 0),2,3,6
4,(0, 0, 0, 1, 0, 0, 0, 1, 1),2,3,6
4,(0, 0, 0, 1, 1, 0, 0, 1, 1),2,1,3
4,(1, 0, 0, 1, 0, 0, 0, 1, 1),2,2,6
4,(1, 1, 0, 0, 0, 1, 1, 1, 0),1,7,7
4,(1, 1, 1, 1, 1, 1, 0, 1, 0),2,1,7
4,(1, 1, 1, 0, 0, 1, 1, 0, 1),1,5,9
4,(1, 1, 1, 1, 0, 0, 1, 0, 0),1,8,7
4,(1, 1, 0, 0, 0, 0, 1, 1, 0),1,7,7
4,(1, 0, 1, 0, 1, 0, 0, 1, 1),1,7,5
4,(0, 0, 0, 0, 1, 1, 0, 0, 0),1,9,9
4,(1, 0, 0, 1, 1, 1, 0, 0, 0),1,5,7
4,(1, 1, 0, 1, 1, 1, 0, 0, 0),1,9,5
4,(1, 0, 0, 0, 1, 1, 1, 1, 0),2,1,7
4,(1, 0, 0, 0, 0, 1, 1, 1, 0),2,5,6
4,(0, 0, 0, 1, 1, 1, 1, 1, 0),4,1,5
4,(0, 0, 1, 1, 0, 1, 0, 0, 0),1,80,8
4,(0, 0, 1, 1, 0, 1, 1, 0, 0),3,1,4
4,(1, 0, 0, 0, 0, 1, 1, 0, 1),2,94,6
4,(0, 0, 1, 0, 1, 0, 0, 0, 0),1,7,8
4,(1, 1, 1, 0, 0, 0, 0, 0, 0),2,4,7
4,(1, 0, 1, 0, 1, 0, 0, 0, 1),2,2,5
4,(1, 0, 1, 1, 0, 1, 0, 1, 0),3,1,7
4,(1, 1, 0, 1, 0, 1, 0, 1, 0),2,2,4
4,(1, 1, 0, 1, 1, 0, 1, 1, 0),3,1,5
4,(0, 1, 0, 1, 1, 0, 1, 1, 0),1,8,4
4,(1, 0, 1, 1, 1, 0, 1, 1, 1),1,8,7
4,(1, 1, 1, 0, 0, 1, 1, 0, 0),2,11,4
4,(1, 0, 1, 0, 1, 0, 0, 1, 0),2,2,6
4,(1, 1, 1, 1, 1, 0, 0, 0, 0),3,1,6
4,(1, 0, 1, 0, 0, 0, 0, 1, 0),1,7,4
4,(1, 0, 1, 1, 1, 1, 0, 1, 1),2,1,7
4,(1, 0, 0, 1, 1, 1, 0, 1, 1),2,4,5
4,(0, 1, 0, 0, 1, 1, 1, 0, 0),2,5,7
4,(1, 0, 0, 1, 1, 0, 1, 1, 1),1,23,5
4,(0, 0, 1, 0, 1, 1, 1, 1, 0),2,1,6
4,(1, 0, 0, 1, 1, 0, 0, 0, 0),2,5,4
4,(1, 1, 0, 1, 1, 0, 0, 0, 0),2,1,4
4,(0, 1, 0, 1, 1, 1, 0, 0, 0),1,5,7
4,(1, 1, 1, 1, 0, 0, 0, 1, 1),2,4,5
4,(1, 1, 0, 1, 1, 1, 1, 0, 0),1,6,6
4,(0, 1, 1, 1, 0, 1, 0, 0, 1),2,3,6
4,(0, 0, 1, 1, 0, 1, 0, 0, 1),1,8,4
4,(0, 1, 1, 1, 0, 1, 0, 1, 1),2,2,6
4,(1, 1, 1, 1, 0, 1, 0, 1, 1),2,1,5
4,(0, 1, 0, 1, 0, 0, 0, 0, 1),2,8,6
4,(1, 0, 1, 0, 1, 1, 0, 0, 1),1,6,6
4,(0, 1, 1, 1, 1, 0, 0, 0, 1),2,2,6
4,(0, 1, 0, 1, 1, 1, 0, 1, 0),2,2,5
4,(1, 1, 0, 0, 1, 0, 0, 1, 0),3,2,8
4,(0, 1, 0, 1, 1, 0, 0, 1, 0),2,1,2
4,(0, 1, 0, 0, 1, 0, 0, 1, 0),1,10,7
4,(0, 1, 1, 1, 1, 1, 1, 0, 1),1,7,7
4,(1, 1, 1, 1, 1, 1, 1, 0, 1),3,1,6
4,(1, 1, 1, 0, 1, 0, 1, 1, 1),2,3,7
4,(0, 1, 1, 1, 1, 1, 0, 1, 1),1,7,6
4,(1, 0, 0, 0, 0, 1, 1, 0, 0),2,2,5
4,(0, 0, 0, 1, 0, 1, 1, 0, 0),2,1,6
4,(1, 1, 1, 0, 1, 0, 0, 1, 1),3,9,7
4,(0, 1, 0, 0, 1, 0, 0, 1, 1),1,5,7
4,(1, 1, 0, 1, 1, 0, 0, 1, 1),2,2,7
4,(1, 0, 0, 1, 1, 1, 1, 1, 0),1,8,4
4,(0, 0, 1, 0, 0, 0, 0, 1, 1),2,1,7
4,(0, 1, 1, 0, 0, 0, 0, 1, 0),2,7,8
4,(1, 1, 0, 0, 1, 0, 1, 0, 1),1,5,7
4,(0, 0, 1, 1, 0, 0, 1, 1, 1),2,6,8
4,(1, 0, 1, 1, 0, 1, 1, 1, 0),2,3,5
5,(1, 0, 1, 1, 1, 1, 0, 0, 1),1,47,5
5,(1, 0, 1, 0, 0, 1, 1, 1, 1),2,1,1
5,(0, 1, 0, 0, 0, 1, 1, 1, 1),1,6,9
5,(1, 0, 0, 0, 1, 0, 1, 0, 1),3,2,5
5,(1, 1, 1, 0, 1, 1, 0, 1, 0),3,1,5
5,(1, 1, 0, 0, 1, 1, 0, 1, 0),3,2,5
5,(1, 1, 1, 1, 0, 0, 1, 1, 0),2,3,5
5,(0, 0, 1, 1, 1, 1, 0, 0, 1),2,2,6
5,(0, 0, 0, 1, 1, 1, 0, 0, 1),1,5,5
5,(1, 0, 0, 1, 1, 1, 0, 0, 1),2,4,4
5,(1, 0, 0, 0, 0, 1, 0, 1, 0),2,4,3
5,(0, 0, 1, 0, 0, 1, 0, 1, 0),3,1,7
5,(1, 0, 0, 1, 0, 1, 1, 1, 0),1,17,5
5,(0, 0, 1, 1, 1, 1, 0, 0, 0),3,3,7
5,(0, 1, 0, 1, 0, 0, 0, 1, 1),1,43,4
5,(0, 0, 0, 0, 1, 1, 1, 1, 0),2,1,3
5,(0, 1, 1, 0, 0, 1, 1, 1, 0),1,5,7
5,(1, 1, 1, 0, 0, 1, 1, 1, 0),2,11,3
5,(1, 1, 0, 1, 0, 1, 0, 0, 0),3,2,4
5,(0, 0, 0, 0, 1, 0, 1, 0, 1),2,1,3
5,(0, 0, 0, 0, 0, 0, 1, 0, 1),1,6,7
5,(0, 1, 0, 1, 1, 1, 1, 1, 1),2,2,7
5,(0, 1, 1, 1, 1, 1, 1, 1, 1),2,1,5
5,(0, 0, 1, 1, 1, 1, 1, 1, 1),2,31,5
5,(1, 0, 1, 0, 0, 0, 0, 0, 0),1,10,4
5,(1, 1, 1, 0, 1, 1, 1, 1, 1),2,1,7
5,(0, 0, 1, 0, 0, 0, 1, 0, 0),3,1,5
5,(1, 1, 0, 0, 0, 0, 1, 0, 0),2,2,5
5,(1, 0, 1, 0, 0, 0, 1, 1, 1),3,1,8
5,(0, 1, 1, 0, 0, 0, 1, 1, 1),2,5,9
5,(1, 0, 0, 0, 0, 0, 0, 1, 1),3,1,5
5,(1, 0, 0, 0, 0, 0, 0, 0, 1),1,90,7
5,(1, 0, 0, 1, 1, 0, 1, 0, 0),2,3,7
5,(0, 1, 1, 1, 1, 0, 1, 0, 0),2,4,6
5,(1, 0, 0, 1, 0, 0, 1, 1, 0),1,16,7
5,(1, 1, 0, 1, 0, 0, 0, 1, 0),2,2,7
5,(0, 1, 1, 1, 1, 1, 0, 0, 0),1,13,6
5,(1, 1, 1, 0, 0, 1, 0, 0, 1),1,10,5
5,(0, 0, 0, 0, 1, 0, 0, 0, 1),2,1,7
5,(0, 1, 0, 0, 0, 1, 0, 0, 0),3,1,6
5,(1, 0, 0, 0, 1, 0, 0, 0, 0),2,1,6
5,(0, 0, 0, 1, 0, 0, 0, 1, 0),4,1,6
5,(1, 0, 0, 0, 0, 0, 0, 1, 0),3,1,5
5,(1, 0, 1, 1, 1, 1, 1, 0, 1),1,10,5
5,(1, 1, 1, 0, 1, 1, 0, 0, 1),1,6,5
5,(1, 1, 1, 0, 1, 1, 1, 0, 1),1,6,4
5,(0, 1, 0, 0, 1, 0, 0, 0, 1),2,2,6
5,(0, 0, 1, 1, 0, 0, 1, 0, 1),1,6,5
5,(1, 1, 0, 0, 0, 0, 1, 1, 1),2,2,6
5,(0, 0, 1, 0, 0, 1, 0, 1, 1),2,3,7
5,(1, 0, 1, 0, 0, 1, 0, 1, 1),2,1,6
5,(0, 0, 0, 0, 1, 1, 0, 1, 1),2,1,8
5,(0, 1, 1, 1, 0, 0, 0, 1, 1),4,1,6
5,(1, 1, 0, 1, 1, 0, 0, 0, 1),1,8,6
5,(0, 0, 0, 1, 1, 1, 0, 0, 0),2,2,4
5,(0, 0, 1, 0, 1, 1, 0, 0, 0),2,2,5
5,(1, 0, 1, 0, 1, 1, 0, 0, 0),1,6,5
5,(1, 0, 0, 0, 0, 1, 0, 1, 1),1,10,6
5,(0, 0, 0, 1, 1, 0, 1, 1, 1),2,3,5
5,(0, 1, 0, 1, 1, 0, 1, 1, 1),3,2,5
5,(0, 1, 0, 0, 1, 0, 1, 1, 1),3,2,7
5,(0, 0, 1, 0, 1, 0, 1, 1, 1),2,3,7
5,(0, 1, 0, 1, 0, 1, 1, 1, 0),3,2,8
5,(1, 1, 1, 1, 0, 1, 0, 0, 0),3,1,7
5,(0, 0, 1, 0, 1, 1, 1, 0, 1),2,1,6
5,(1, 0, 0, 1, 0, 1, 1, 0, 1),2,2,7
5,(1, 1, 1, 0, 0, 0, 1, 0, 0),1,29,5
5,(0, 0, 1, 1, 1, 1, 0, 1, 0),1,30,6
5,(1, 1, 0, 0, 0, 0, 0, 1, 0),1,8,4
5,(0, 1, 1, 1, 0, 1, 0, 1, 0),2,2,6
5,(1, 1, 1, 1, 0, 0, 1, 0, 1),1,6,6
5,(1, 0, 1, 1, 1, 1, 1, 1, 1),1,7,2
5,(0, 0, 1, 0, 1, 0, 0, 1, 0),2,4,6
5,(0, 0, 0, 1, 1, 0, 0, 1, 0),2,1,7
5,(1, 0, 1, 0, 1, 1, 1, 0, 0),1,30,7
5,(1, 0, 1, 1, 0, 1, 1, 0, 1),1,7,6
5,(1, 1, 0, 1, 1, 1, 0, 1, 1),2,2,7
5,(1, 0, 0, 0, 1, 1, 1, 0, 0),2,3,6
5,(1, 1, 0, 1, 1, 0, 0, 0, 0),3,1,5
5,(1, 1, 0, 1, 0, 0, 1, 1, 0),1,6,4
5,(1, 1, 1, 1, 1, 0, 0, 1, 1),2,2,6
5,(0, 0, 1, 0, 1, 0, 1, 0, 0),1,23,6
5,(1, 1, 1, 0, 1, 0, 0, 1, 0),1,6,5
5,(1, 1, 1, 1, 0, 1, 1, 0, 0),1,12,5
5,(1, 1, 1, 0, 0, 1, 1, 0, 1),2,1,6
5,(0, 1, 0, 0, 1, 1, 1, 1, 0),1,9,7
5,(1, 1, 0, 0, 1, 1, 1, 1, 0),2,4,6
5,(1, 0, 1, 1, 0, 1, 0, 0, 1),3,2,6
5,(0, 1, 0, 1, 0, 1, 0, 0, 1),2,3,7
5,(1, 1, 1, 0, 1, 0, 1, 1, 0),2,25,7
5,(0, 1, 1, 0, 1, 0, 1, 0, 1),2,4,8
5,(1, 1, 0, 1, 1, 1, 1, 0, 1),2,3,7
5,(0, 0, 0, 1, 0, 1, 1, 0, 0),3,1,7
5,(1, 0, 0, 0, 0, 1, 1, 0, 0),3,1,5
5,(1, 0, 1, 0, 1, 0, 0, 0, 1),3,1,6
5,(0, 1, 1, 0, 0, 1, 0, 0, 1),2,1,6
5,(0, 1, 1, 0, 0, 0, 1, 1, 0),2,4,5
5,(1, 0, 1, 0, 0, 1, 0, 0, 1),3,4,5
5,(1, 1, 1, 0, 0, 0, 1, 1, 0),3,14,3
5,(1, 0, 1, 0, 0, 0, 0, 1, 0),2,1,5
5,(1, 1, 1, 0, 0, 1, 0, 1, 0),2,1,4
5,(0, 0, 0, 1, 1, 0, 1, 1, 0),2,3,6
5,(0, 0, 0, 1, 0, 0, 1, 1, 1),1,6,7
5,(0, 1, 0, 1, 0, 0, 1, 1, 1),3,2,6
5,(0, 0, 1, 1, 1, 1, 1, 1, 0),3,1,4
5,(1, 0, 1, 1, 1, 0, 1, 0, 1),2,1,7
6,(1, 0, 1, 0, 1, 0, 1, 0, 1),2,2,5
6,(1, 1, 0, 1, 0, 0, 0, 0, 1),1,9,7
6,(1, 1, 0, 0, 0, 1, 1, 1, 1),2,10,7
6,(1, 1, 1, 0, 1, 1, 0, 1, 0),4,31,5
6,(0, 1, 1, 1, 0, 0, 1, 1, 0),2,5,6
6,(0, 0, 0, 0, 0, 1, 0, 1, 0),1,6,9
6,(0, 1, 1, 1, 0, 0, 0, 0, 1),3,2,5
6,(0, 0, 0, 1, 0, 1, 1, 0, 1),2,1,5
6,(1, 0, 0, 0, 1, 0, 1, 0, 1),4,1,6
6,(1, 1, 0, 1, 0, 1, 1, 0, 1),2,3,7
6,(0, 1, 0, 1, 0, 1, 1, 0, 1),2,4,6
6,(0, 1, 1, 0, 0, 1, 0, 1, 1),1,7,5
6,(1, 1, 1, 0, 0, 1, 0, 1, 1),2,7,4
6,(0, 1, 1, 0, 1, 1, 1, 1, 1),1,7,9
6,(1, 1, 0, 0, 0, 1, 0, 1, 1),1,8,5
6,(1, 0, 0, 0, 0, 0, 1, 0, 0),3,1,6
6,(0, 0, 0, 0, 0, 0, 1, 0, 0),1,19,6
6,(1, 0, 1, 1, 0, 0, 0, 0, 0),2,1,8
6,(1, 0, 0, 1, 0, 0, 0, 0, 0),3,2,6
6,(0, 0, 1, 0, 0, 0, 1, 1, 1),1,8,4
6,(0, 1, 1, 1, 0, 0, 0, 1, 0),1,7,4
6,(0, 1, 1, 0, 0, 0, 0, 0, 1),1,9,7
6,(1, 1, 0, 1, 0, 1, 0, 0, 1),2,5,5
6,(0, 0, 1, 1, 0, 0, 1, 1, 0),2,3,8
6,(0, 0, 0, 1, 0, 0, 1, 1, 0),1,18,4
6,(0, 0, 1, 1, 1, 0, 1, 0, 0),2,5,7
6,(1, 1, 1, 0, 1, 1, 1, 0, 0),2,3,7
6,(0, 0, 1, 1, 1, 1, 1, 0, 0),2,5,5
6,(0, 1, 1, 0, 0, 1, 0, 0, 0),4,22,6
6,(0, 0, 0, 0, 1, 1, 1, 1, 0),3,1,6
6,(0, 0, 1, 0, 0, 0, 1, 1, 0),3,2,6
6,(0, 0, 0, 0, 0, 0, 1, 1, 0),2,5,6
6,(0, 0, 1, 0, 0, 0, 0, 1, 1),3,1,7
6,(0, 1, 0, 1, 0, 0, 0, 0, 1),3,1,4
6,(0, 0, 0, 0, 0, 1, 0, 0, 0),2,3,8
6,(0, 1, 0, 0, 0, 1, 0, 0, 0),4,2,6
6,(0, 0, 1, 0, 1, 0, 0, 0, 0),2,1,5
6,(1, 1, 1, 1, 0, 1, 0, 1, 1),3,1,6
6,(0, 1, 0, 0, 0, 0, 0, 0, 1),3,4,6
6,(0, 0, 0, 0, 0, 0, 1, 1, 1),2,5,6
6,(0, 0, 0, 0, 0, 1, 0, 1, 1),2,5,6
6,(1, 1, 1, 1, 1, 1, 0, 1, 0),3,2,8
6,(1, 1, 1, 0, 1, 0, 1, 0, 0),1,7,5
6,(1, 0, 0, 0, 1, 1, 1, 0, 1),1,7,7
6,(0, 0, 1, 1, 1, 1, 1, 0, 1),2,7,5
6,(1, 0, 1, 0, 0, 1, 1, 0, 1),1,10,5
6,(1, 0, 0, 1, 1, 1, 1, 0, 1),2,5,4
6,(1, 1, 1, 1, 1, 0, 1, 1, 1),1,10,6
6,(0, 0, 1, 1, 1, 1, 0, 0, 1),3,1,4
6,(0, 1, 1, 0, 1, 1, 0, 0, 1),3,1,6
6,(1, 0, 1, 0, 1, 1, 0, 0, 1),2,1,4
6,(0, 0, 0, 0, 1, 1, 0, 0, 1),2,3,8
6,(1, 0, 0, 0, 1, 1, 0, 0, 1),2,4,5
6,(1, 1, 1, 1, 1, 1, 0, 0, 1),1,8,6
6,(0, 0, 1, 1, 1, 0, 1, 1, 1),2,3,6
6,(1, 1, 1, 0, 1, 0, 1, 1, 1),3,1,7
6,(1, 0, 1, 0, 1, 0, 1, 1, 1),2,3,4
6,(1, 0, 0, 1, 0, 1, 1, 1, 0),2,1,6
6,(1, 1, 0, 1, 0, 1, 1, 1, 0),2,2,6
6,(0, 0, 1, 1, 0, 1, 1, 0, 1),4,2,4
6,(0, 1, 0, 0, 1, 1, 1, 0, 1),2,3,8
6,(1, 1, 1, 0, 1, 0, 0, 0, 0),2,4,5
6,(0, 1, 0, 0, 1, 1, 0, 0, 0),1,28,7
6,(0, 1, 1, 1, 0, 1, 0, 1, 0),3,1,6
6,(0, 0, 1, 1, 0, 1, 0, 1, 0),3,4,7
6,(0, 0, 0, 1, 0, 1, 0, 1, 0),1,9,7
6,(0, 0, 1, 1, 1, 0, 0, 1, 0),3,2,6
6,(0, 0, 1, 0, 1, 0, 0, 1, 1),3,2,6
6,(0, 1, 0, 0, 1, 0, 0, 1, 0),2,2,9
6,(0, 0, 1, 1, 1, 0, 0, 0, 0),1,7,5
6,(0, 0, 0, 1, 1, 1, 1, 0, 0),2,5,5
6,(0, 1, 1, 0, 0, 1, 1, 1, 0),2,1,5
6,(0, 0, 0, 1, 1, 0, 0, 0, 0),1,50,6
6,(1, 1, 0, 1, 1, 0, 0, 0, 0),4,1,7
6,(0, 0, 1, 0, 0, 0, 0, 0, 0),1,7,8
6,(1, 1, 1, 0, 1, 1, 0, 1, 1),2,32,6
6,(0, 1, 1, 1, 0, 0, 1, 1, 1),1,9,6
6,(1, 1, 1, 1, 0, 0, 1, 1, 1),3,2,4
6,(1, 1, 0, 0, 0, 1, 1, 0, 1),1,12,6
6,(0, 1, 0, 1, 1, 1, 1, 1, 0),2,5,5
6,(1, 1, 0, 1, 1, 1, 1, 0, 1),3,1,6
6,(0, 1, 0, 1, 1, 1, 1, 0, 1),1,7,5
6,(0, 1, 1, 0, 1, 1, 0, 1, 1),3,3,5
6,(0, 1, 1, 1, 0, 1, 1, 0, 0),2,6,7
6,(0, 0, 1, 0, 1, 0, 1, 0, 1),2,1,1
6,(0, 0, 1, 0, 1, 0, 0, 0, 1),2,5,5
6,(1, 0, 1, 0, 0, 0, 0, 1, 1),2,3,5
6,(0, 0, 1, 0, 0, 0, 0, 0, 1),1,12,4
6,(0, 1, 1, 0, 0, 1, 0, 0, 1),3,2,4
6,(0, 0, 1, 0, 0, 0, 0, 1, 0),1,7,5
6,(0, 0, 1, 1, 1, 0, 1, 1, 0),2,4,3
6,(1, 1, 1, 0, 1, 0, 1, 1, 0),3,1,5
6,(0, 0, 1, 1, 0, 0, 1, 1, 1),3,2,3
6,(1, 1, 1, 1, 0, 1, 1, 1, 0),2,2,6
6,(0, 1, 0, 1, 1, 1, 1, 1, 1),3,1,6
6,(1, 0, 0, 1, 1, 1, 1, 1, 1),2,1,4
6,(1, 0, 1, 0, 1, 0, 1, 0, 0),1,40,4
6,(1, 0, 0, 1, 0, 1, 1, 1, 1),2,5,5
6,(1, 1, 0, 0, 0, 0, 1, 1, 0),2,2,4
6,(0, 0, 1, 0, 0, 1, 1, 1, 1),2,16,6
6,(0, 0, 0, 0, 1, 1, 1, 1, 1),2,30,7
6,(1, 0, 0, 0, 1, 1, 0, 0, 0),1,36,4
7,(1, 0, 0, 0, 0, 1, 1, 1, 1),2,38,3
7,(1, 1, 0, 0, 1, 0, 1, 0, 1),2,2,8
7,(1, 1, 1, 0, 1, 0, 0, 0, 1),3,5,6
7,(1, 0, 0, 0, 1, 0, 0, 1, 0),1,7,8
7,(1, 1, 0, 0, 1, 0, 0, 1, 0),4,2,6
7,(1, 0, 1, 1, 0, 0, 1, 1, 1),1,8,6
7,(1, 1, 1, 1, 1, 1, 1, 1, 0),1,7,6
7,(1, 1, 1, 1, 0, 0, 1, 1, 0),3,1,4
7,(0, 1, 1, 0, 0, 1, 0, 1, 0),4,1,4
7,(1, 0, 1, 1, 1, 1, 0, 0, 0),2,4,5
7,(0, 0, 1, 1, 1, 1, 0, 1, 0),2,1,5
7,(0, 1, 0, 1, 0, 1, 1, 0, 0),1,24,6
7,(1, 1, 1, 1, 0, 0, 0, 0, 1),3,5,5
7,(1, 1, 0, 0, 1, 0, 0, 0, 0),1,10,6
7,(0, 0, 0, 0, 1, 1, 1, 0, 1),3,2,4
7,(0, 0, 1, 0, 1, 1, 1, 0, 1),3,19,6
7,(0, 0, 1, 0, 1, 1, 1, 1, 1),2,8,3
7,(1, 0, 1, 0, 1, 1, 1, 1, 1),2,9,5
7,(1, 0, 0, 1, 1, 1, 1, 1, 0),2,1,5
7,(1, 1, 0, 0, 1, 1, 1, 1, 0),3,1,8
7,(0, 1, 1, 1, 1, 1, 1, 1, 1),3,2,7
7,(1, 1, 0, 1, 1, 0, 1, 0, 1),1,9,6
7,(0, 0, 0, 1, 0, 0, 1, 0, 0),2,15,7
7,(0, 0, 1, 0, 0, 0, 1, 0, 0),4,2,5
7,(0, 1, 1, 0, 0, 0, 1, 0, 0),3,1,7
7,(0, 0, 0, 1, 0, 0, 0, 0, 0),1,8,7
7,(1, 1, 1, 1, 0, 0, 0, 1, 0),2,3,5
7,(1, 0, 1, 1, 1, 0, 1, 0, 0),1,9,5
7,(1, 0, 0, 0, 1, 0, 0, 0, 1),3,17,6
7,(0, 0, 1, 1, 1, 0, 1, 0, 0),3,1,1
7,(1, 0, 0, 1, 0, 0, 0, 1, 0),1,24,7
7,(1, 1, 1, 0, 0, 1, 1, 1, 1),2,12,5
7,(0, 0, 0, 0, 0, 1, 1, 1, 0),2,3,7
7,(0, 0, 0, 0, 1, 1, 1, 1, 0),4,1,4
7,(1, 0, 0, 1, 0, 1, 0, 0, 0),2,6,8
7,(0, 1, 1, 1, 0, 0, 0, 1, 0),2,1,6
7,(0, 0, 0, 0, 0, 0, 1, 0, 0),2,1,5
7,(1, 1, 0, 0, 0, 0, 0, 1, 0),2,18,7
7,(0, 1, 0, 1, 0, 0, 0, 1, 0),2,1,8
7,(0, 0, 0, 0, 0, 1, 0, 1, 0),2,1,5
7,(1, 1, 0, 0, 1, 0, 0, 0, 1),3,3,5
7,(1, 0, 0, 1, 1, 0, 0, 1, 0),1,11,6
7,(0, 1, 0, 1, 0, 0, 1, 1, 1),4,1,6
7,(0, 1, 1, 0, 0, 0, 1, 1, 1),3,1,6
7,(1, 0, 0, 0, 0, 0, 1, 1, 1),2,5,7
7,(1, 0, 0, 1, 1, 1, 0, 1, 1),3,2,6
7,(0, 0, 1, 0, 0, 1, 0, 1, 1),3,2,7
7,(1, 0, 0, 0, 1, 0, 0, 1, 1),2,5,7
7,(0, 0, 1, 1, 0, 0, 0, 1, 1),2,5,8
7,(1, 1, 0, 0, 0, 1, 0, 0, 1),2,7,6
7,(1, 0, 1, 0, 1, 1, 1, 0, 1),3,3,3
7,(0, 0, 1, 1, 1, 1, 0, 0, 1),4,1,8
7,(1, 1, 0, 0, 1, 0, 1, 1, 1),2,5,7
7,(0, 0, 1, 0, 1, 0, 1, 1, 1),3,1,4
7,(1, 0, 1, 0, 0, 1, 1, 0, 1),2,1,5
7,(0, 0, 1, 0, 0, 1, 1, 0, 1),2,6,5
7,(1, 0, 1, 0, 1, 1, 0, 1, 1),1,20,6
7,(0, 1, 0, 1, 1, 1, 0, 0, 0),2,2,7
7,(0, 1, 1, 0, 1, 1, 1, 1, 0),1,28,5
7,(0, 1, 0, 1, 0, 1, 1, 1, 1),1,8,5
7,(1, 0, 1, 0, 1, 0, 0, 1, 1),2,2,2
7,(0, 0, 0, 0, 1, 1, 0, 1, 1),3,1,6
7,(0, 0, 0, 0, 1, 0, 0, 1, 1),3,4,7
7,(0, 0, 1, 0, 1, 0, 0, 1, 0),3,2,8
7,(0, 0, 0, 0, 1, 0, 0, 1, 0),1,10,5
7,(1, 1, 1, 0, 0, 0, 0, 1, 1),1,9,7
7,(1, 0, 1, 1, 1, 0, 0, 0, 0),2,4,4
7,(0, 1, 0, 1, 1, 1, 0, 1, 1),2,5,8
7,(1, 0, 0, 1, 1, 1, 1, 0, 0),2,17,5
7,(0, 0, 1, 0, 1, 1, 1, 0, 0),2,3,7
7,(0, 1, 1, 0, 0, 1, 1, 1, 0),3,1,5
7,(1, 1, 1, 1, 1, 0, 0, 1, 1),3,1,9
7,(0, 1, 1, 1, 1, 0, 0, 1, 1),3,5,8
7,(1, 0, 1, 0, 0, 0, 1, 0, 1),1,8,7
7,(1, 1, 1, 0, 0, 1, 1, 0, 1),3,3,5
7,(1, 0, 1, 0, 1, 1, 1, 1, 0),2,6,6
7,(1, 0, 0, 1, 0, 0, 0, 0, 1),2,8,8
7,(1, 1, 1, 1, 1, 0, 0, 0, 1),2,5,5
7,(1, 1, 0, 1, 0, 1, 1, 1, 1),1,8,4
7,(1, 0, 0, 1, 0, 1, 1, 0, 0),3,4,7
7,(0, 0, 1, 0, 1, 1, 0, 1, 1),1,10,4
7,(1, 0, 1, 0, 0, 0, 0, 0, 1),2,8,4
7,(0, 1, 1, 0, 0, 1, 0, 0, 1),4,1,7
7,(0, 1, 1, 0, 1, 0, 1, 1, 0),2,4,6
7,(0, 1, 1, 0, 1, 0, 0, 1, 0),1,8,6
7,(1, 0, 0, 1, 0, 0, 1, 1, 1),2,4,4
7,(0, 1, 1, 1, 0, 1, 1, 1, 0),2,13,7
7,(1, 0, 0, 1, 1, 1, 1, 1, 1),3,1,5
7,(0, 1, 0, 0, 0, 0, 1, 1, 0),1,24,8
7,(0, 0, 1, 1, 0, 1, 1, 1, 1),2,3,6
7,(0, 0, 0, 1, 0, 1, 1, 1, 1),2,16,6
7,(0, 0, 1, 1, 1, 1, 1, 1, 0),4,1,4
7,(0, 0, 0, 0, 0, 1, 1, 1, 1),1,15,3
7,(0, 1, 1, 1, 1, 0, 1, 0, 1),2,12,7
7,(1, 1, 1, 1, 1, 1, 0, 0, 1),2,1,6
7,(1, 1, 1, 0, 1, 1, 0, 1, 0),5,1,6
7,(1, 0, 0, 0, 1, 1, 1, 0, 1),2,1,4
8,(0, 0, 0, 1, 0, 1, 1, 0, 1),3,2,8
8,(1, 1, 0, 0, 0, 0, 1, 0, 1),2,22,8
8,(1, 1, 0, 0, 1, 1, 1, 1, 1),2,5,6
8,(1, 0, 0, 1, 1, 1, 1, 1, 0),3,1,3
8,(0, 1, 1, 1, 1, 1, 1, 1, 0),2,58,4
8,(0, 0, 0, 0, 1, 0, 1, 0, 0),2,4,8
8,(0, 1, 1, 1, 0, 0, 1, 0, 0),2,2,6
8,(0, 1, 0, 0, 0, 0, 1, 0, 0),3,3,7
8,(0, 0, 1, 1, 1, 1, 0, 0, 0),4,2,7
8,(0, 1, 0, 1, 0, 1, 0, 0, 1),3,2,9
8,(1, 0, 1, 1, 0, 1, 0, 0, 1),4,2,8
8,(1, 0, 1, 1, 0, 0, 0, 0, 0),3,1,7
8,(1, 1, 0, 1, 0, 0, 0, 0, 0),2,4,8
8,(1, 1, 1, 1, 1, 0, 1, 0, 0),4,2,7
8,(1, 1, 0, 1, 0, 1, 0, 1, 1),1,41,8
8,(1, 0, 1, 1, 1, 0, 1, 0, 0),2,1,6
8,(0, 1, 1, 1, 0, 0, 1, 1, 0),3,2,5
8,(1, 1, 0, 1, 0, 0, 1, 1, 0),2,2,6
8,(1, 1, 0, 0, 0, 1, 1, 0, 0),1,42,8
8,(0, 0, 0, 1, 1, 0, 1, 1, 0),3,2,8
8,(0, 0, 0, 0, 1, 0, 1, 1, 0),2,4,6
8,(0, 0, 0, 0, 1, 1, 1, 1, 0),5,2,2
8,(0, 0, 1, 1, 0, 0, 1, 1, 0),3,2,6
8,(0, 0, 1, 1, 0, 0, 0, 1, 0),2,6,6
8,(1, 0, 0, 0, 0, 0, 0, 1, 1),4,3,6
8,(0, 0, 0, 0, 0, 1, 0, 1, 1),3,1,5
8,(0, 0, 0, 0, 0, 0, 0, 1, 1),2,5,6
8,(0, 0, 0, 1, 1, 0, 1, 0, 1),3,1,7
8,(0, 0, 0, 0, 1, 0, 1, 0, 1),3,2,7
8,(0, 0, 1, 0, 1, 0, 1, 0, 1),3,1,3
8,(0, 0, 1, 0, 0, 0, 1, 0, 1),3,2,3
8,(0, 0, 1, 0, 1, 0, 0, 0, 1),3,1,6
8,(0, 0, 0, 0, 1, 0, 0, 0, 1),3,3,6
8,(0, 0, 1, 0, 0, 0, 0, 0, 1),2,1,4
8,(0, 0, 0, 0, 1, 1, 0, 0, 0),2,3,9
8,(1, 0, 0, 0, 1, 1, 0, 0, 0),2,1,7
8,(0, 0, 0, 0, 1, 0, 0, 0, 0),2,6,5
8,(0, 1, 0, 0, 0, 0, 0, 1, 0),2,7,5
8,(0, 0, 0, 1, 0, 0, 1, 1, 0),2,2,6
8,(0, 0, 0, 1, 0, 0, 0, 1, 0),5,3,5
8,(1, 0, 0, 1, 0, 0, 0, 1, 0),2,1,7
8,(0, 0, 1, 0, 0, 0, 0, 1, 0),2,1,6
8,(1, 0, 1, 1, 0, 1, 0, 1, 1),2,4,8
8,(1, 1, 0, 1, 1, 0, 0, 0, 1),2,2,6
8,(1, 1, 1, 1, 0, 0, 1, 0, 1),2,2,7
8,(0, 1, 1, 1, 0, 0, 1, 0, 1),3,4,5
8,(0, 0, 0, 1, 1, 1, 0, 1, 1),2,11,6
8,(0, 1, 1, 1, 0, 1, 0, 1, 1),3,3,9
8,(0, 0, 1, 1, 0, 1, 0, 1, 1),2,4,4
8,(1, 0, 1, 0, 0, 1, 0, 1, 1),3,2,5
8,(1, 0, 0, 1, 1, 0, 0, 1, 1),2,5,6
8,(1, 1, 1, 1, 1, 1, 1, 0, 1),4,2,7
8,(1, 0, 1, 1, 1, 1, 1, 0, 1),2,3,5
8,(0, 0, 1, 1, 1, 1, 1, 0, 1),3,3,6
8,(0, 0, 0, 1, 1, 1, 1, 0, 1),1,11,6
8,(0, 1, 1, 0, 1, 1, 0, 0, 1),4,2,7
8,(0, 0, 1, 1, 1, 1, 0, 0, 1),5,1,6
8,(1, 0, 0, 1, 1, 1, 0, 0, 1),3,2,7
8,(0, 1, 0, 0, 1, 0, 1, 1, 1),4,3,9
8,(0, 0, 0, 0, 1, 0, 1, 1, 1),1,10,4
8,(1, 1, 0, 0, 0, 1, 1, 1, 0),2,11,3
8,(0, 1, 0, 1, 0, 1, 1, 1, 0),4,2,6
8,(0, 0, 0, 1, 0, 1, 1, 1, 0),2,6,4
8,(1, 1, 1, 1, 0, 1, 0, 0, 0),4,2,9
8,(0, 1, 1, 1, 0, 1, 0, 0, 0),2,35,7
8,(1, 1, 0, 0, 0, 1, 1, 0, 1),2,1,3
8,(1, 1, 1, 0, 1, 0, 0, 0, 0),3,1,8
8,(1, 0, 0, 1, 0, 1, 0, 1, 0),1,14,6
8,(0, 1, 0, 1, 1, 0, 0, 1, 1),3,3,7
8,(0, 1, 0, 0, 1, 0, 0, 1, 1),2,3,5
8,(0, 0, 1, 1, 1, 0, 0, 1, 0),4,2,6
8,(0, 1, 1, 1, 1, 0, 0, 0, 0),2,9,8
8,(1, 0, 1, 1, 1, 1, 0, 1, 1),3,3,5
8,(1, 1, 0, 1, 1, 1, 0, 1, 1),3,2,6
8,(0, 1, 0, 1, 1, 1, 1, 0, 0),2,4,7
8,(0, 0, 1, 0, 1, 1, 1, 0, 0),3,1,7
8,(0, 0, 0, 0, 1, 1, 1, 0, 0),1,19,5
8,(1, 0, 1, 1, 1, 0, 0, 1, 1),2,6,7
8,(1, 1, 0, 1, 1, 0, 1, 0, 0),1,9,7
8,(1, 0, 1, 0, 0, 0, 0, 0, 0),2,3,7
8,(1, 0, 0, 0, 0, 0, 1, 1, 0),1,26,6
8,(1, 1, 1, 1, 0, 0, 0, 0, 0),2,7,4
8,(0, 1, 1, 1, 0, 1, 1, 1, 1),1,12,3
8,(1, 0, 1, 0, 0, 0, 1, 1, 0),1,14,8
8,(1, 0, 1, 1, 0, 0, 0, 1, 0),1,16,5
8,(0, 1, 0, 1, 0, 1, 1, 0, 0),2,1,4
8,(0, 0, 0, 1, 0, 1, 1, 0, 0),4,3,5
8,(0, 1, 1, 1, 0, 1, 1, 0, 0),3,1,5
8,(0, 0, 1, 1, 0, 1, 1, 0, 0),4,2,7
8,(1, 0, 0, 0, 0, 1, 1, 0, 0),4,3,7
8,(0, 0, 1, 0, 0, 1, 1, 0, 0),2,5,5
8,(0, 1, 1, 0, 1, 0, 0, 0, 1),2,5,6
8,(0, 1, 1, 0, 0, 1, 0, 0, 1),5,1,7
8,(1, 1, 0, 0, 1, 1, 1, 0, 0),1,19,7
8,(0, 0, 1, 1, 1, 1, 1, 1, 1),3,3,5
8,(1, 0, 1, 1, 1, 1, 1, 1, 1),2,2,3
8,(1, 0, 0, 1, 1, 1, 1, 1, 1),4,1,6
8,(1, 0, 0, 1, 0, 1, 1, 1, 1),3,2,5
8,(1, 1, 0, 1, 0, 1, 1, 1, 1),2,1,5
8,(0, 0, 1, 1, 1, 1, 1, 1, 0),5,1,3
8,(0, 1, 1, 1, 0, 1, 1, 1, 0),3,1,3
8,(0, 0, 0, 1, 0, 0, 1, 0, 1),1,24,6
8,(0, 1, 0, 1, 0, 1, 1, 1, 1),2,1,4
8,(0, 1, 0, 0, 0, 1, 1, 1, 1),2,2,7
8,(0, 1, 0, 0, 0, 1, 1, 0, 0),1,71,6
8,(1, 1, 0, 1, 1, 0, 1, 0, 1),2,1,3
8,(0, 1, 0, 1, 1, 0, 1, 0, 1),2,10,6
8,(0, 1, 1, 1, 1, 0, 0, 1, 0),1,22,6
8,(1, 1, 0, 1, 0, 0, 1, 0, 1),3,17,6
8,(0, 1, 0, 0, 1, 1, 0, 1, 0),1,76,6
8,(1, 1, 0, 1, 1, 1, 0, 0, 1),3,20,3
8,(1, 0, 0, 1, 1, 0, 1, 1, 0),1,55,5
8,(1, 0, 0, 1, 1, 1, 0, 1, 0),2,4,4
8,(0, 0, 1, 1, 1, 1, 0, 1, 0),3,35,5
8,(1, 1, 0, 0, 0, 1, 0, 1, 0),3,86,6
8,(0, 0, 0, 0, 1, 1, 0, 1, 0),1,82,4
8,(1, 0, 0, 0, 0, 1, 0, 1, 0),3,22,6
8,(1, 1, 1, 0, 0, 0, 0, 0, 1),1,9,3
8,(0, 0, 1, 1, 0, 0, 0, 0, 1),1,29,7
8,(1, 0, 0, 0, 0, 1, 1, 0, 1),3,7,4
8,(1, 0, 1, 1, 0, 0, 0, 0, 1),2,12,3
8,(0, 1, 0, 1, 0, 1, 0, 0, 0),1,14,5
8,(0, 1, 1, 0, 0, 0, 1, 0, 1),1,16,4
8,(1, 0, 0, 0, 1, 1, 0, 1, 1),1,19,4
9,(0, 1, 0, 0, 1, 1, 1, 0, 1),3,1,9
9,(1, 0, 0, 0, 1, 1, 1, 0, 1),3,2,7
9,(1, 1, 0, 0, 1, 1, 1, 1, 0),4,1,6
9,(1, 0, 0, 0, 1, 0, 1, 0, 0),2,8,7
9,(1, 1, 1, 1, 1, 1, 1, 1, 0),2,2,7
9,(1, 1, 0, 0, 1, 0, 1, 0, 0),2,22,6
9,(0, 0, 0, 1, 0, 1, 0, 0, 0),2,6,6
9,(0, 0, 0, 1, 0, 1, 0, 0, 1),3,5,8
9,(0, 0, 1, 1, 0, 1, 0, 0, 1),2,4,4
9,(1, 0, 1, 1, 0, 0, 0, 0, 0),4,1,5
9,(1, 0, 0, 1, 0, 0, 0, 0, 0),4,3,5
9,(1, 0, 1, 1, 0, 0, 1, 0, 0),1,10,7
9,(1, 0, 1, 0, 1, 0, 1, 1, 0),1,13,6
9,(1, 1, 1, 1, 1, 0, 1, 0, 0),5,1,7
9,(0, 0, 1, 1, 1, 0, 1, 0, 0),4,1,7
9,(0, 1, 0, 1, 0, 0, 1, 1, 0),2,6,3
9,(1, 1, 1, 1, 1, 1, 0, 1, 1),1,13,5
9,(0, 1, 1, 0, 0, 1, 1, 1, 1),1,41,5
9,(1, 1, 1, 1, 1, 1, 0, 0, 0),2,7,7
9,(1, 1, 1, 0, 0, 1, 0, 0, 0),3,5,7
9,(0, 1, 1, 0, 0, 1, 0, 0, 0),5,3,6
9,(1, 1, 1, 1, 0, 0, 0, 1, 0),3,1,7
9,(1, 0, 0, 1, 0, 0, 0, 1, 1),3,3,4
9,(0, 0, 0, 1, 0, 0, 1, 1, 1),2,2,7
9,(0, 1, 0, 0, 0, 1, 0, 0, 1),2,4,8
9,(1, 1, 0, 1, 0, 0, 0, 0, 1),2,2,6
9,(0, 0, 0, 0, 0, 0, 1, 0, 0),3,2,9
9,(0, 0, 0, 0, 0, 1, 0, 0, 0),3,2,7
9,(0, 0, 0, 1, 0, 0, 0, 0, 0),2,2,6
9,(0, 0, 1, 0, 0, 0, 0, 0, 0),2,2,6
9,(1, 0, 0, 0, 0, 0, 0, 0, 0),2,3,7
9,(1, 0, 0, 0, 1, 0, 1, 0, 1),5,2,5
9,(1, 0, 0, 0, 1, 0, 0, 0, 1),4,3,6
9,(0, 1, 0, 0, 0, 0, 0, 0, 1),4,2,8
9,(0, 0, 0, 0, 1, 0, 0, 0, 1),4,1,5
9,(0, 1, 0, 0, 1, 0, 0, 0, 1),3,3,5
9,(1, 0, 0, 1, 1, 1, 0, 0, 0),2,2,6
9,(0, 0, 1, 1, 1, 0, 0, 0, 0),2,1,6
9,(1, 0, 0, 1, 0, 0, 1, 1, 0),2,2,5
9,(0, 0, 0, 1, 0, 0, 1, 1, 0),3,1,3
9,(1, 0, 1, 0, 0, 0, 0, 1, 0),3,18,5
9,(1, 0, 0, 0, 1, 0, 0, 1, 0),2,1,8
9,(1, 1, 0, 0, 0, 0, 0, 1, 0),3,1,6
9,(0, 0, 0, 0, 0, 0, 0, 1, 0),2,10,9
9,(1, 1, 0, 0, 0, 1, 0, 1, 1),2,3,7
9,(0, 1, 0, 0, 0, 0, 0, 1, 1),3,22,7
9,(1, 1, 1, 0, 0, 0, 0, 1, 1),2,1,8
9,(0, 1, 1, 1, 1, 1, 0, 1, 0),1,17,6
9,(0, 1, 0, 1, 1, 1, 1, 0, 1),2,2,5
9,(0, 1, 1, 0, 1, 1, 0, 0, 1),5,1,7
9,(0, 0, 1, 1, 1, 1, 0, 0, 1),6,1,6
9,(0, 0, 0, 1, 1, 1, 0, 0, 1),2,4,4
9,(1, 1, 1, 1, 1, 0, 0, 1, 0),1,13,7
9,(1, 0, 0, 1, 0, 0, 1, 0, 1),1,11,7
9,(1, 1, 1, 1, 1, 0, 1, 1, 1),2,3,9
9,(0, 0, 1, 1, 1, 0, 1, 1, 1),3,3,8
9,(0, 0, 0, 1, 1, 0, 1, 1, 1),3,4,4
9,(1, 1, 1, 0, 1, 0, 1, 1, 1),4,2,7
9,(1, 1, 0, 0, 0, 1, 1, 1, 0),3,1,5
9,(1, 0, 1, 0, 0, 0, 1, 0, 0),2,12,5
9,(1, 0, 1, 1, 0, 1, 0, 1, 0),4,4,6
9,(1, 1, 0, 1, 0, 1, 0, 1, 0),3,30,6
9,(1, 0, 1, 0, 1, 0, 0, 1, 0),3,3,5
9,(1, 0, 1, 1, 1, 1, 0, 1, 1),4,1,2
9,(1, 1, 1, 0, 0, 0, 1, 0, 1),1,12,5
9,(1, 1, 1, 0, 0, 1, 1, 1, 0),3,2,7
9,(1, 0, 1, 1, 1, 0, 0, 1, 1),3,1,8
9,(0, 0, 1, 1, 1, 0, 0, 1, 1),1,24,7
9,(1, 0, 1, 1, 0, 0, 0, 1, 1),2,9,3
9,(1, 1, 0, 0, 1, 1, 1, 0, 1),1,13,6
9,(1, 1, 1, 0, 0, 1, 1, 0, 1),4,1,7
9,(1, 1, 0, 1, 1, 1, 1, 1, 0),3,6,7
9,(1, 0, 0, 0, 1, 0, 1, 1, 1),1,15,7
9,(1, 1, 0, 1, 0, 1, 0, 1, 1),2,1,5
9,(1, 0, 1, 1, 0, 1, 0, 0, 0),1,12,6
9,(0, 0, 0, 0, 0, 1, 1, 0, 0),1,11,4
9,(1, 0, 1, 0, 0, 1, 0, 0, 1),4,3,5
9,(0, 1, 1, 0, 1, 0, 0, 1, 0),2,1,6
9,(0, 1, 0, 1, 1, 0, 1, 1, 0),2,6,7
9,(1, 1, 0, 1, 1, 0, 1, 1, 0),4,6,5
9,(0, 1, 0, 1, 1, 1, 1, 1, 1),4,3,6
9,(0, 0, 0, 1, 1, 1, 1, 1, 1),3,5,3
9,(1, 0, 1, 1, 0, 1, 1, 1, 1),3,4,5
9,(0, 1, 1, 1, 0, 1, 1, 1, 0),4,1,5
9,(0, 0, 1, 1, 0, 0, 1, 0, 1),2,3,6
9,(0, 0, 1, 0, 1, 1, 1, 1, 1),3,2,6
9,(0, 0, 1, 0, 0, 1, 1, 1, 1),3,3,7
9,(0, 1, 1, 1, 1, 1, 0, 0, 1),1,38,7
9,(1, 1, 0, 1, 1, 0, 1, 0, 1),3,1,6
9,(0, 1, 1, 0, 1, 1, 0, 1, 0),2,54,5
9,(0, 1, 0, 1, 1, 0, 1, 0, 1),3,1,6
9,(1, 0, 1, 1, 0, 0, 1, 1, 0),2,32,4
9,(0, 0, 1, 1, 0, 1, 0, 1, 0),4,9,6
9,(1, 1, 1, 0, 0, 1, 0, 1, 0),3,1,6
9,(0, 1, 0, 1, 1, 1, 0, 1, 0),3,31,6
9,(1, 0, 0, 1, 1, 1, 0, 1, 0),3,1,6
9,(0, 0, 1, 0, 0, 1, 0, 1, 0),4,48,8
9,(1, 1, 1, 1, 0, 0, 0, 0, 1),4,5,5
9,(1, 0, 0, 0, 0, 1, 1, 0, 1),4,1,6
9,(0, 1, 1, 0, 0, 0, 1, 0, 1),2,1,7
9,(1, 0, 0, 1, 1, 0, 1, 1, 0),2,1,6
9,(0, 1, 1, 1, 0, 0, 1, 0, 0),3,1,8
9,(1, 1, 0, 0, 0, 1, 1, 0, 0),2,1,5
9,(1, 1, 1, 1, 0, 0, 0, 0, 0),3,1,6
10,(0, 0, 1, 1, 0, 0, 0, 0, 0),5,6,3
10,(0, 1, 0, 1, 0, 0, 0, 0, 0),2,9,6
10,(1, 1, 1, 1, 0, 0, 1, 0, 0),2,5,5
10,(1, 1, 1, 0, 1, 1, 0, 1, 1),3,1,6
10,(0, 1, 1, 0, 1, 1, 0, 1, 1),4,2,5
10,(1, 0, 0, 0, 1, 1, 0, 0, 1),3,3,4
10,(0, 1, 1, 1, 1, 0, 1, 0, 0),3,3,6
10,(0, 1, 0, 1, 1, 0, 1, 0, 0),3,6,6
10,(1, 1, 0, 1, 1, 0, 1, 0, 0),2,1,5
10,(0, 0, 0, 1, 1, 0, 1, 0, 0),1,26,6
10,(1, 1, 0, 1, 0, 0, 0, 1, 0),3,19,5
10,(0, 1, 0, 1, 0, 0, 0, 1, 1),2,4,7
10,(0, 1, 0, 1, 0, 1, 1, 1, 1),3,1,5
10,(0, 0, 0, 1, 0, 1, 1, 1, 1),3,2,5
10,(1, 0, 1, 1, 0, 0, 1, 1, 1),2,1,6
10,(1, 0, 0, 0, 0, 1, 0, 1, 1),2,3,4
10,(0, 1, 0, 0, 0, 1, 1, 1, 1),3,1,6
10,(0, 0, 0, 0, 0, 1, 1, 1, 1),2,2,6
10,(0, 0, 0, 1, 0, 0, 1, 1, 1),3,1,5
10,(0, 0, 1, 0, 1, 1, 0, 1, 1),2,1,6
10,(0, 0, 0, 0, 1, 1, 0, 1, 1),4,2,6
10,(1, 0, 0, 1, 0, 0, 0, 0, 1),3,2,6
10,(1, 0, 1, 1, 0, 0, 0, 0, 1),3,1,2
10,(1, 0, 0, 0, 1, 0, 1, 0, 0),3,1,5
10,(0, 0, 0, 0, 1, 0, 0, 0, 0),3,1,6
10,(0, 0, 0, 0, 0, 0, 1, 0, 1),2,5,9
10,(0, 0, 1, 0, 1, 0, 1, 0, 1),4,1,5
10,(0, 0, 0, 0, 0, 0, 0, 1, 1),3,2,7
10,(0, 0, 1, 0, 0, 0, 0, 0, 1),3,2,8
10,(0, 0, 0, 0, 0, 0, 0, 0, 1),2,7,6
10,(1, 0, 0, 0, 0, 0, 0, 0, 1),2,5,5
10,(1, 0, 0, 0, 0, 1, 0, 0, 0),3,6,6
10,(0, 1, 0, 0, 1, 1, 0, 0, 0),2,3,7
10,(0, 0, 0, 1, 1, 1, 1, 1, 0),5,1,5
10,(0, 0, 0, 0, 1, 1, 1, 1, 0),6,2,7
10,(0, 0, 0, 1, 0, 1, 1, 1, 0),3,1,5
10,(0, 0, 0, 0, 0, 1, 1, 1, 0),3,3,5
10,(0, 0, 1, 1, 0, 0, 1, 1, 0),4,2,6
10,(1, 0, 1, 0, 0, 0, 1, 1, 0),2,4,4
10,(0, 1, 0, 1, 0, 0, 1, 1, 0),3,1,4
10,(0, 1, 0, 0, 0, 0, 1, 1, 0),2,2,8
10,(0, 0, 0, 1, 0, 0, 1, 1, 0),4,1,4
10,(1, 0, 0, 1, 0, 1, 0, 1, 0),2,1,4
10,(1, 0, 1, 1, 0, 0, 0, 1, 0),2,1,3
10,(1, 0, 0, 0, 1, 0, 0, 1, 0),3,1,6
10,(0, 1, 0, 1, 0, 0, 0, 1, 0),3,1,5
10,(1, 1, 1, 1, 0, 0, 1, 0, 1),3,2,6
10,(0, 1, 0, 0, 0, 0, 1, 1, 1),2,8,5
10,(1, 1, 1, 1, 0, 1, 0, 1, 1),4,4,5
10,(0, 1, 1, 1, 0, 1, 0, 1, 1),4,1,8
10,(0, 1, 1, 0, 0, 1, 0, 1, 1),2,4,6
10,(1, 1, 1, 0, 0, 0, 0, 1, 1),3,1,9
10,(1, 1, 0, 1, 1, 1, 1, 0, 1),4,2,6
10,(1, 0, 1, 1, 1, 1, 1, 0, 1),3,2,7
10,(1, 0, 1, 1, 0, 1, 0, 0, 1),5,1,3
10,(1, 0, 1, 1, 1, 0, 1, 1, 1),2,5,5
10,(1, 1, 0, 1, 1, 0, 1, 1, 1),2,6,7
10,(1, 0, 0, 1, 1, 0, 1, 1, 1),2,4,4
10,(0, 0, 1, 1, 1, 0, 1, 1, 1),4,1,6
10,(1, 1, 1, 0, 1, 0, 1, 1, 1),5,1,8
10,(1, 1, 0, 0, 0, 1, 1, 1, 0),4,1,5
10,(1, 0, 0, 1, 0, 1, 1, 1, 0),3,4,6
10,(1, 1, 0, 1, 1, 1, 0, 0, 0),2,5,7
10,(1, 0, 1, 1, 1, 1, 1, 0, 0),1,13,6
10,(1, 0, 1, 1, 1, 1, 0, 1, 0),3,39,5
10,(0, 1, 0, 1, 0, 1, 0, 1, 0),3,17,5
10,(1, 1, 1, 1, 1, 0, 0, 1, 0),2,1,8
10,(1, 0, 1, 0, 1, 0, 0, 1, 1),3,3,6
10,(0, 0, 1, 1, 1, 0, 0, 1, 0),5,2,7
10,(0, 1, 1, 1, 1, 0, 0, 1, 0),2,1,4
10,(0, 0, 0, 1, 1, 0, 0, 1, 0),3,4,8
10,(1, 1, 1, 1, 1, 0, 0, 0, 0),4,5,5
10,(1, 0, 1, 1, 1, 1, 0, 1, 1),5,1,3
10,(1, 1, 0, 0, 1, 1, 1, 0, 0),2,1,5
10,(1, 0, 0, 1, 1, 0, 0, 0, 0),3,5,7
10,(0, 1, 1, 1, 1, 0, 0, 1, 1),4,3,8
10,(1, 1, 1, 0, 1, 0, 1, 0, 0),2,4,9
10,(1, 0, 1, 1, 1, 0, 0, 0, 1),2,14,6
10,(0, 1, 1, 1, 0, 1, 0, 0, 1),3,21,6
10,(0, 1, 1, 1, 1, 0, 0, 0, 1),3,5,6
10,(1, 1, 0, 1, 0, 1, 0, 1, 1),3,1,4
10,(1, 1, 0, 1, 1, 1, 0, 1, 0),2,15,3
10,(0, 0, 0, 0, 1, 1, 1, 0, 0),2,2,6
10,(0, 0, 1, 1, 0, 1, 1, 0, 0),5,1,5
10,(1, 1, 1, 0, 1, 0, 0, 1, 1),4,6,5
10,(0, 1, 1, 1, 1, 0, 1, 1, 0),3,9,5
10,(0, 1, 1, 0, 1, 0, 1, 1, 0),3,3,6
10,(0, 1, 0, 0, 1, 0, 1, 1, 0),2,13,5
10,(0, 1, 1, 1, 1, 1, 1, 1, 1),4,3,7
10,(1, 0, 1, 1, 1, 1, 1, 1, 0),2,1,4
10,(0, 0, 1, 1, 0, 1, 1, 1, 0),1,17,4
10,(0, 1, 1, 0, 1, 1, 1, 1, 1),2,2,4
10,(1, 1, 1, 1, 1, 1, 0, 0, 1),3,3,6
10,(0, 1, 1, 1, 1, 0, 1, 0, 1),3,2,6
10,(1, 1, 1, 1, 1, 0, 1, 0, 1),2,12,6
10,(1, 0, 0, 1, 1, 0, 1, 0, 1),2,13,6
10,(0, 1, 0, 1, 0, 0, 1, 0, 1),2,40,8
10,(1, 1, 0, 0, 1, 1, 0, 1, 0),4,48,6
10,(1, 1, 0, 1, 0, 1, 1, 0, 0),2,31,8
10,(0, 1, 1, 0, 1, 1, 0, 1, 0),3,1,3
10,(0, 0, 1, 1, 1, 1, 0, 1, 0),4,2,6
10,(0, 1, 0, 1, 1, 1, 0, 1, 0),4,1,6
10,(1, 1, 0, 1, 0, 1, 1, 0, 1),3,7,7
10,(0, 0, 1, 1, 0, 1, 1, 0, 1),5,9,5
10,(0, 0, 1, 0, 1, 1, 1, 0, 1),4,4,6
10,(0, 0, 1, 1, 1, 1, 1, 0, 1),4,2,5
10,(0, 1, 0, 1, 1, 1, 1, 0, 1),3,1,6
10,(0, 1, 0, 0, 0, 0, 1, 0, 1),2,29,5
10,(1, 1, 0, 0, 0, 0, 1, 0, 1),3,3,7
10,(0, 1, 1, 0, 1, 1, 0, 0, 0),3,28,5
10,(1, 1, 1, 1, 0, 1, 1, 0, 1),3,20,5
10,(0, 0, 1, 0, 1, 0, 1, 0, 0),2,8,6
10,(0, 0, 1, 1, 0, 0, 1, 0, 0),3,9,2
10,(1, 0, 0, 1, 0, 0, 1, 0, 0),3,6,5
10,(0, 0, 1, 1, 0, 1, 0, 0, 0),2,12,3
10,(0, 1, 1, 1, 0, 1, 0, 0, 0),3,12,7
11,(1, 0, 0, 1, 0, 1, 0, 0, 0),3,3,3
11,(0, 1, 1, 1, 0, 0, 0, 0, 0),2,6,5
11,(1, 1, 0, 1, 0, 0, 0, 0, 0),3,3,6
11,(1, 1, 0, 1, 1, 1, 0, 1, 1),4,1,6
11,(0, 1, 0, 1, 1, 1, 0, 1, 1),3,2,6
11,(1, 0, 1, 1, 1, 0, 1, 0, 0),3,1,7
11,(1, 0, 1, 0, 0, 1, 0, 0, 0),3,8,5
11,(0, 0, 1, 0, 0, 1, 0, 0, 0),1,37,4
11,(1, 0, 0, 0, 0, 1, 1, 1, 0),3,32,5
11,(1, 0, 0, 1, 0, 0, 1, 1, 1),3,3,5
11,(1, 0, 1, 1, 0, 0, 0, 1, 1),3,1,6
11,(1, 0, 0, 0, 0, 1, 1, 1, 1),3,3,5
11,(0, 0, 0, 1, 1, 1, 1, 1, 1),4,1,5
11,(0, 0, 1, 0, 1, 1, 1, 1, 1),4,1,5
11,(0, 0, 0, 0, 1, 0, 1, 1, 1),2,2,9
11,(0, 0, 0, 1, 0, 0, 1, 1, 1),4,1,6
11,(0, 0, 1, 0, 0, 1, 0, 1, 1),4,3,6
11,(0, 0, 1, 0, 0, 0, 0, 1, 1),4,7,6
11,(0, 0, 0, 1, 1, 1, 0, 1, 1),3,2,5
11,(1, 0, 0, 1, 1, 1, 0, 1, 1),4,1,5
11,(1, 0, 1, 0, 1, 1, 0, 1, 1),2,1,6
11,(0, 0, 0, 0, 0, 1, 0, 0, 1),3,9,8
11,(0, 0, 0, 1, 0, 1, 0, 0, 1),4,2,7
11,(0, 0, 0, 0, 1, 1, 0, 1, 1),5,1,7
11,(0, 0, 0, 0, 0, 1, 0, 1, 1),4,3,5
11,(1, 0, 1, 0, 0, 0, 0, 1, 1),3,4,5
11,(0, 0, 0, 0, 1, 0, 1, 0, 0),3,3,6
11,(0, 0, 0, 1, 0, 0, 1, 0, 0),3,3,6
11,(0, 1, 0, 0, 0, 0, 1, 0, 0),4,3,7
11,(0, 0, 0, 0, 0, 1, 0, 0, 0),4,2,6
11,(0, 0, 0, 0, 1, 1, 0, 0, 0),3,1,5
11,(0, 0, 1, 1, 0, 0, 0, 0, 0),6,1,3
11,(0, 0, 0, 0, 0, 0, 0, 1, 0),3,1,8
11,(0, 0, 1, 0, 0, 0, 0, 0, 0),3,1,5
11,(0, 0, 0, 1, 0, 0, 1, 0, 1),2,2,5
11,(1, 0, 0, 1, 0, 0, 1, 0, 1),2,1,5
11,(0, 0, 0, 1, 1, 0, 1, 0, 1),4,2,7
11,(0, 0, 0, 0, 1, 0, 1, 0, 1),4,3,5
11,(1, 0, 0, 0, 1, 0, 0, 1, 1),3,4,6
11,(1, 0, 1, 0, 1, 0, 0, 0, 1),4,4,6
11,(1, 0, 0, 0, 0, 0, 0, 1, 1),5,2,5
11,(0, 0, 1, 0, 1, 0, 0, 0, 1),4,2,7
11,(0, 1, 0, 0, 0, 0, 0, 1, 1),4,7,7
11,(1, 1, 0, 0, 1, 0, 0, 0, 1),4,4,9
11,(1, 1, 0, 0, 0, 1, 0, 0, 0),2,6,7
11,(1, 0, 0, 0, 1, 1, 0, 0, 0),3,3,6
11,(1, 0, 0, 1, 1, 1, 0, 0, 0),3,1,4
11,(0, 0, 0, 1, 1, 1, 0, 0, 0),3,5,7
11,(1, 0, 1, 0, 1, 1, 0, 0, 0),2,4,7
11,(1, 0, 1, 0, 1, 0, 0, 0, 0),4,4,5
11,(1, 0, 0, 0, 1, 0, 0, 0, 0),3,13,5
11,(0, 1, 1, 0, 1, 1, 1, 1, 0),2,1,6
11,(1, 1, 0, 0, 0, 0, 1, 1, 0),3,2,7
11,(1, 0, 0, 0, 0, 0, 1, 1, 0),2,2,6
11,(1, 0, 0, 1, 0, 0, 1, 1, 0),3,1,3
11,(0, 0, 0, 0, 0, 1, 1, 1, 0),4,1,7
11,(0, 0, 0, 1, 0, 0, 1, 1, 0),5,1,3
11,(0, 1, 0, 0, 0, 0, 1, 1, 0),3,1,4
11,(1, 0, 0, 1, 0, 1, 0, 1, 1),1,29,7
11,(0, 1, 0, 0, 0, 0, 0, 0, 0),1,12,8
11,(1, 1, 0, 1, 1, 0, 0, 0, 1),3,3,7
11,(1, 1, 0, 0, 0, 1, 0, 1, 1),3,1,8
11,(1, 1, 0, 1, 1, 0, 0, 1, 1),3,7,6
11,(0, 1, 1, 1, 1, 1, 1, 0, 1),2,7,5
11,(0, 1, 1, 0, 1, 1, 0, 0, 1),6,2,7
11,(1, 0, 1, 1, 1, 1, 0, 0, 1),2,1,2
11,(0, 1, 0, 0, 1, 1, 0, 0, 1),3,7,7
11,(1, 0, 0, 1, 0, 1, 0, 0, 1),2,10,4
11,(1, 1, 1, 1, 1, 1, 1, 1, 1),1,22,7
11,(0, 1, 1, 1, 1, 0, 1, 1, 1),2,7,4
11,(0, 1, 1, 0, 1, 0, 1, 1, 1),2,9,6
11,(1, 1, 1, 0, 1, 0, 0, 0, 0),4,5,6
11,(1, 0, 0, 1, 1, 0, 0, 1, 1),3,3,5
11,(1, 1, 1, 1, 0, 1, 0, 1, 0),1,15,5
11,(0, 1, 1, 1, 1, 1, 0, 1, 1),2,6,5
11,(1, 0, 0, 1, 1, 1, 1, 0, 0),3,4,8
11,(0, 0, 0, 1, 1, 1, 1, 0, 0),3,5,6
11,(1, 0, 0, 0, 1, 1, 1, 0, 0),3,6,5
11,(1, 1, 1, 0, 0, 1, 1, 1, 0),4,1,7
11,(0, 1, 0, 1, 1, 0, 0, 0, 0),3,10,8
11,(0, 1, 0, 1, 0, 1, 0, 1, 1),1,15,5
11,(1, 1, 0, 1, 0, 0, 0, 1, 1),1,21,6
11,(0, 1, 0, 1, 0, 1, 1, 0, 0),3,2,8
11,(0, 1, 1, 0, 0, 1, 1, 0, 0),2,29,9
11,(0, 1, 1, 0, 1, 0, 0, 1, 1),1,18,6
11,(0, 0, 1, 0, 0, 1, 0, 0, 1),3,10,5
11,(0, 1, 1, 0, 0, 0, 0, 1, 0),3,6,9
11,(0, 1, 1, 0, 1, 0, 1, 1, 0),4,7,5
11,(0, 0, 1, 0, 1, 0, 1, 1, 0),2,17,7
11,(0, 0, 1, 1, 1, 1, 1, 1, 1),4,3,5
11,(1, 0, 1, 1, 1, 1, 1, 1, 1),3,2,3
11,(1, 1, 0, 1, 0, 0, 1, 1, 1),2,28,7
11,(1, 1, 1, 1, 0, 0, 1, 0, 1),4,1,6
11,(1, 0, 1, 0, 1, 1, 1, 1, 1),3,3,6
11,(0, 0, 1, 1, 0, 1, 1, 1, 1),3,4,5
11,(1, 0, 1, 1, 0, 1, 1, 1, 0),3,7,5
11,(1, 1, 0, 0, 0, 1, 1, 1, 1),3,5,5
11,(0, 1, 1, 1, 1, 1, 0, 0, 1),2,2,3
11,(1, 1, 1, 1, 1, 1, 0, 0, 1),4,1,6
11,(1, 1, 0, 0, 0, 1, 0, 1, 0),4,2,3
11,(1, 1, 1, 0, 0, 1, 0, 1, 0),4,1,6
11,(1, 0, 0, 0, 1, 1, 0, 1, 0),3,30,6
11,(0, 1, 1, 1, 1, 1, 0, 1, 0),2,2,6
11,(0, 1, 0, 1, 1, 1, 0, 1, 0),5,1,6
11,(0, 1, 1, 1, 0, 0, 0, 0, 1),4,14,6
11,(0, 0, 0, 1, 0, 1, 1, 0, 1),4,5,5
11,(1, 0, 1, 1, 0, 1, 1, 0, 1),2,9,5
11,(0, 0, 0, 0, 0, 1, 1, 0, 1),2,8,6
11,(1, 1, 1, 0, 1, 1, 0, 0, 0),2,13,5
11,(1, 1, 0, 0, 1, 0, 1, 0, 0),3,9,8
11,(1, 1, 0, 0, 1, 0, 0, 1, 0),5,6,7
11,(1, 0, 0, 0, 1, 1, 1, 1, 0),3,16,6
11,(1, 1, 0, 0, 0, 0, 1, 0, 0),3,8,5
11,(1, 0, 1, 0, 1, 1, 1, 1, 0),3,17,7
12,(1, 1, 1, 1, 0, 0, 0, 0, 0),4,2,6
12,(1, 1, 1, 0, 1, 1, 0, 1, 1),4,2,8
12,(1, 1, 0, 0, 1, 1, 0, 1, 1),2,10,5
12,(1, 0, 0, 0, 0, 1, 0, 0, 1),2,8,5
12,(1, 1, 1, 1, 0, 0, 1, 0, 0),3,2,5
12,(1, 1, 1, 0, 0, 1, 0, 0, 0),4,3,5
12,(0, 1, 1, 1, 1, 0, 1, 1, 0),4,1,7
12,(0, 0, 1, 1, 1, 0, 1, 1, 0),3,5,4
12,(0, 1, 1, 1, 0, 0, 1, 1, 1),2,8,8
12,(0, 1, 0, 1, 0, 0, 1, 1, 1),5,4,3
12,(0, 0, 0, 1, 0, 0, 0, 1, 1),3,7,7
12,(0, 0, 1, 1, 0, 0, 0, 1, 1),3,9,7
12,(0, 0, 0, 0, 1, 1, 1, 1, 1),3,3,7
12,(1, 0, 1, 0, 1, 1, 1, 1, 1),4,1,1
12,(0, 0, 1, 1, 1, 0, 1, 1, 1),5,1,5
12,(0, 1, 0, 0, 1, 0, 1, 1, 1),5,2,5
12,(1, 0, 0, 0, 1, 0, 1, 1, 1),2,2,7
12,(0, 0, 0, 0, 0, 0, 1, 1, 1),3,5,6
12,(0, 0, 1, 1, 0, 1, 0, 0, 1),3,2,5
12,(0, 0, 0, 1, 0, 1, 0, 0, 1),5,1,5
12,(1, 0, 0, 1, 0, 0, 0, 0, 1),4,2,6
12,(1, 0, 1, 1, 0, 0, 0, 0, 1),4,2,7
12,(0, 1, 0, 1, 0, 0, 0, 0, 1),4,11,7
12,(0, 0, 1, 0, 0, 1, 1, 0, 0),3,2,7
12,(1, 0, 1, 0, 0, 0, 1, 0, 0),3,2,6
12,(0, 1, 0, 0, 0, 1, 1, 0, 0),2,2,6
12,(0, 0, 0, 0, 0, 0, 1, 0, 1),3,1,3
12,(1, 1, 0, 1, 0, 0, 0, 0, 0),4,1,7
12,(0, 0, 0, 1, 0, 0, 0, 0, 0),3,4,9
12,(0, 0, 0, 0, 0, 0, 0, 1, 0),4,1,8
12,(1, 0, 1, 0, 1, 0, 1, 0, 1),3,2,8
12,(0, 1, 1, 0, 1, 0, 0, 0, 1),3,2,5
12,(0, 1, 0, 0, 1, 0, 0, 0, 1),4,2,6
12,(0, 1, 1, 0, 1, 1, 0, 0, 0),4,1,6
12,(1, 1, 0, 1, 1, 0, 1, 1, 0),5,1,9
12,(0, 0, 0, 0, 0, 0, 1, 1, 0),3,6,7
12,(0, 0, 1, 1, 0, 1, 0, 1, 0),5,2,8
12,(0, 0, 0, 1, 0, 1, 0, 1, 0),2,4,7
12,(0, 1, 0, 1, 0, 1, 0, 1, 0),4,1,6
12,(1, 0, 0, 0, 0, 1, 0, 1, 0),4,3,5
12,(1, 0, 0, 0, 0, 0, 0, 1, 0),4,22,6
12,(0, 1, 0, 0, 1, 0, 0, 1, 0),3,3,8
12,(0, 0, 0, 1, 0, 0, 0, 1, 0),6,4,5
12,(0, 0, 1, 0, 0, 0, 0, 1, 0),3,4,7
12,(1, 0, 1, 0, 0, 0, 0, 1, 0),4,3,6
12,(1, 1, 0, 0, 0, 0, 0, 1, 0),4,3,5
12,(0, 1, 1, 1, 0, 1, 0, 1, 1),5,2,6
12,(1, 0, 1, 1, 0, 1, 0, 1, 1),3,3,8
12,(0, 0, 1, 0, 1, 1, 0, 0, 1),3,8,7
12,(1, 0, 1, 0, 1, 1, 0, 0, 1),3,5,6
12,(1, 1, 0, 1, 1, 0, 1, 1, 1),3,3,6
12,(1, 1, 0, 0, 0, 1, 1, 1, 0),5,1,4
12,(1, 1, 0, 1, 0, 1, 1, 1, 0),3,5,7
12,(0, 1, 0, 0, 0, 1, 1, 0, 1),2,11,6
12,(1, 1, 1, 0, 0, 0, 0, 0, 0),3,8,5
12,(1, 1, 1, 0, 0, 0, 1, 0, 0),2,10,4
12,(0, 1, 1, 0, 0, 0, 0, 0, 0),1,27,6
12,(1, 1, 0, 1, 1, 0, 0, 1, 1),4,1,5
12,(0, 1, 0, 1, 1, 0, 0, 1, 1),4,4,6
12,(0, 0, 1, 1, 1, 0, 0, 1, 1),2,3,7
12,(0, 0, 1, 0, 1, 0, 0, 1, 1),4,7,6
12,(0, 1, 0, 1, 1, 0, 0, 1, 0),3,17,5
12,(0, 0, 1, 1, 1, 1, 0, 1, 1),3,11,5
12,(1, 0, 1, 1, 1, 1, 1, 0, 0),2,2,6
12,(0, 1, 1, 0, 0, 1, 1, 1, 0),4,4,8
12,(0, 0, 1, 1, 0, 1, 1, 1, 0),2,1,4
12,(1, 1, 1, 1, 1, 0, 0, 0, 0),5,2,7
12,(0, 1, 1, 0, 1, 0, 1, 0, 0),2,40,8
12,(1, 1, 1, 1, 0, 1, 1, 1, 1),2,11,7
12,(1, 1, 1, 0, 0, 0, 1, 1, 0),4,9,7
12,(1, 1, 1, 1, 0, 1, 0, 0, 1),2,42,7
12,(0, 0, 1, 1, 1, 0, 0, 0, 1),2,11,8
12,(1, 0, 1, 0, 0, 1, 1, 0, 0),3,9,6
12,(0, 0, 1, 0, 1, 1, 1, 0, 0),4,4,8
12,(0, 0, 1, 1, 0, 1, 1, 0, 0),6,25,6
12,(1, 1, 1, 1, 0, 1, 1, 0, 0),2,16,6
12,(1, 1, 0, 0, 1, 0, 0, 1, 1),2,16,5
12,(1, 1, 1, 0, 1, 0, 0, 1, 0),2,7,7
12,(1, 1, 1, 1, 1, 1, 1, 1, 1),2,1,7
12,(0, 1, 1, 0, 0, 0, 1, 1, 0),3,7,5
12,(0, 0, 1, 1, 1, 1, 1, 1, 0),6,4,6
12,(1, 1, 0, 1, 0, 0, 1, 0, 1),4,5,5
12,(1, 1, 0, 0, 1, 0, 1, 0, 1),3,6,7
12,(1, 0, 1, 0, 1, 1, 0, 1, 0),2,36,7
12,(0, 0, 1, 0, 0, 1, 0, 0, 1),4,1,3
12,(1, 0, 1, 0, 0, 1, 1, 0, 1),3,4,7
12,(1, 0, 1, 0, 1, 1, 1, 0, 1),4,7,4
12,(0, 1, 0, 0, 1, 1, 1, 0, 1),4,7,7
12,(0, 1, 1, 1, 1, 1, 1, 0, 1),3,1,8
12,(1, 1, 0, 0, 1, 1, 1, 1, 1),3,6,7
12,(1, 1, 0, 0, 0, 0, 1, 0, 1),4,2,5
12,(1, 1, 0, 0, 1, 0, 0, 0, 0),2,9,4
12,(1, 0, 0, 1, 0, 0, 1, 0, 1),3,1,6
12,(1, 0, 0, 0, 1, 0, 1, 1, 0),1,30,7
12,(1, 0, 1, 1, 1, 0, 1, 0, 0),4,1,5
12,(0, 1, 0, 1, 1, 1, 1, 1, 1),5,1,8
13,(0, 0, 1, 0, 1, 1, 1, 1, 1),5,2,6
13,(0, 0, 1, 0, 0, 1, 1, 1, 1),4,3,6
13,(0, 1, 1, 0, 0, 1, 1, 1, 1),2,2,7
13,(0, 0, 0, 1, 0, 1, 1, 1, 1),4,2,6
13,(0, 1, 0, 0, 0, 1, 1, 1, 1),4,2,7
13,(1, 1, 0, 0, 0, 1, 1, 1, 1),4,1,5
13,(1, 0, 1, 1, 1, 1, 0, 0, 1),3,1,6
13,(1, 0, 0, 0, 0, 1, 0, 1, 1),3,3,8
13,(1, 0, 0, 0, 0, 1, 0, 0, 1),3,1,4
13,(0, 0, 0, 1, 1, 0, 1, 0, 1),5,1,7
13,(0, 0, 0, 1, 0, 0, 0, 0, 1),2,11,5
13,(0, 0, 0, 1, 1, 0, 1, 0, 0),2,3,7
13,(0, 1, 1, 1, 0, 0, 1, 0, 0),4,1,7
13,(0, 0, 0, 0, 0, 1, 1, 0, 0),2,3,8
13,(1, 0, 0, 0, 1, 1, 1, 0, 0),4,1,7
13,(0, 0, 0, 0, 1, 0, 1, 0, 0),4,2,7
13,(0, 0, 0, 0, 0, 0, 1, 0, 0),4,4,5
13,(0, 0, 1, 1, 0, 1, 0, 0, 0),3,2,5
13,(0, 1, 1, 1, 0, 0, 0, 0, 0),3,2,7
13,(1, 1, 1, 1, 0, 0, 0, 0, 0),5,1,3
13,(1, 0, 0, 1, 0, 0, 0, 0, 0),5,3,6
13,(0, 0, 0, 0, 1, 1, 0, 0, 0),4,2,9
13,(0, 0, 0, 0, 0, 0, 0, 1, 1),4,1,7
13,(0, 0, 0, 0, 0, 0, 1, 0, 1),4,1,3
13,(0, 0, 1, 0, 0, 0, 0, 0, 1),4,1,8
13,(0, 0, 0, 0, 0, 0, 0, 0, 1),3,2,5
13,(1, 0, 0, 0, 0, 0, 0, 0, 1),3,1,5
13,(0, 1, 0, 0, 0, 0, 0, 0, 0),2,1,8
13,(0, 0, 0, 0, 0, 0, 0, 0, 0),3,10,6
13,(1, 0, 0, 0, 0, 1, 0, 0, 0),4,1,7
13,(1, 0, 0, 0, 0, 0, 0, 0, 0),3,3,4
13,(1, 0, 0, 1, 1, 0, 1, 0, 1),3,2,7
13,(1, 1, 1, 0, 0, 0, 0, 0, 1),2,4,8
13,(0, 1, 1, 0, 0, 0, 0, 0, 1),2,5,5
13,(0, 0, 0, 0, 1, 1, 0, 1, 1),6,2,9
13,(0, 0, 1, 0, 1, 1, 0, 1, 1),3,1,2
13,(1, 0, 0, 0, 1, 0, 0, 1, 1),4,2,8
13,(0, 1, 0, 0, 1, 0, 0, 1, 1),3,3,4
13,(0, 0, 1, 0, 1, 0, 0, 0, 1),5,2,5
13,(1, 0, 0, 0, 1, 0, 0, 0, 1),5,3,6
13,(0, 1, 0, 0, 0, 0, 0, 1, 1),5,2,7
13,(0, 0, 1, 0, 1, 1, 0, 0, 0),3,7,6
13,(1, 0, 0, 1, 1, 0, 0, 0, 0),4,2,8
13,(0, 1, 0, 1, 1, 0, 0, 0, 0),4,1,8
13,(0, 0, 1, 0, 1, 0, 0, 0, 0),3,8,7
13,(0, 1, 0, 0, 1, 1, 1, 1, 0),2,4,9
13,(1, 0, 1, 1, 0, 0, 1, 1, 0),3,1,4
13,(0, 1, 1, 1, 1, 0, 1, 1, 0),5,1,5
13,(0, 0, 0, 1, 1, 0, 1, 1, 0),4,4,8
13,(0, 0, 0, 0, 1, 1, 1, 1, 0),7,3,8
13,(0, 1, 0, 0, 1, 0, 1, 1, 0),3,2,6
13,(1, 0, 0, 1, 0, 0, 1, 1, 0),4,1,7
13,(1, 0, 1, 1, 0, 1, 0, 1, 0),5,2,5
13,(0, 0, 0, 0, 1, 1, 0, 1, 0),2,4,6
13,(1, 0, 0, 0, 0, 1, 0, 1, 0),5,1,6
13,(0, 0, 1, 0, 0, 1, 0, 1, 1),5,1,6
13,(1, 0, 0, 0, 0, 0, 0, 1, 1),6,2,4
13,(0, 0, 0, 1, 1, 0, 0, 1, 0),4,2,6
13,(0, 0, 0, 0, 1, 0, 0, 1, 0),2,5,7
13,(0, 0, 1, 1, 0, 0, 0, 1, 0),3,4,6
13,(0, 1, 0, 1, 0, 0, 0, 1, 0),4,3,6
13,(1, 1, 0, 1, 0, 0, 0, 1, 0),4,2,6
13,(1, 1, 0, 0, 0, 1, 0, 0, 0),3,2,7
13,(0, 1, 0, 1, 0, 1, 0, 0, 0),2,13,7
13,(0, 1, 1, 0, 1, 1, 1, 0, 1),2,15,7
13,(1, 0, 1, 1, 0, 0, 1, 0, 1),4,11,6
13,(1, 1, 1, 1, 1, 1, 0, 1, 0),4,6,8
13,(1, 0, 0, 1, 1, 1, 1, 0, 1),3,6,8
13,(1, 1, 0, 0, 1, 0, 1, 1, 1),3,6,6
13,(0, 1, 1, 1, 0, 1, 1, 1, 0),5,2,7
13,(0, 1, 0, 1, 0, 1, 1, 1, 0),5,3,5
13,(1, 0, 1, 1, 0, 1, 1, 0, 0),1,33,3
13,(1, 1, 1, 1, 0, 1, 0, 1, 0),2,1,6
13,(0, 1, 1, 1, 0, 1, 0, 1, 0),4,7,5
13,(0, 1, 1, 1, 1, 0, 0, 1, 0),3,3,7
13,(1, 1, 0, 1, 1, 1, 1, 0, 0),2,8,8
13,(0, 0, 1, 0, 0, 1, 1, 1, 0),1,21,7
13,(1, 1, 1, 0, 0, 1, 1, 0, 1),5,5,8
13,(0, 1, 1, 1, 1, 0, 0, 0, 1),4,2,8
13,(1, 1, 1, 0, 0, 1, 1, 0, 0),3,9,3
13,(1, 1, 0, 1, 0, 1, 1, 0, 0),3,1,4
13,(1, 0, 0, 1, 1, 1, 1, 0, 0),4,31,6
13,(0, 1, 0, 1, 0, 1, 1, 0, 0),4,1,6
13,(1, 1, 1, 0, 1, 0, 0, 0, 1),4,9,7
13,(1, 1, 1, 0, 1, 0, 0, 1, 1),5,3,4
13,(1, 0, 1, 0, 1, 0, 1, 1, 0),2,4,8
13,(1, 1, 0, 0, 1, 0, 1, 1, 0),3,16,4
13,(0, 1, 1, 1, 1, 1, 1, 1, 1),5,33,6
13,(1, 1, 1, 1, 1, 1, 1, 1, 1),3,1,7
13,(1, 0, 0, 1, 1, 1, 1, 1, 1),5,18,8
13,(1, 1, 1, 1, 1, 1, 1, 1, 0),3,3,7
13,(1, 1, 1, 1, 1, 1, 1, 0, 0),1,27,6
13,(0, 1, 1, 1, 0, 1, 1, 1, 1),2,5,5
13,(1, 1, 1, 1, 0, 1, 1, 1, 1),3,1,6
13,(1, 0, 1, 1, 0, 1, 1, 1, 1),4,5,5
13,(0, 0, 1, 1, 1, 0, 1, 0, 1),2,19,7
13,(1, 0, 1, 1, 1, 0, 1, 0, 1),3,13,5
13,(0, 1, 1, 0, 1, 0, 1, 0, 1),3,55,7
13,(1, 1, 1, 0, 0, 1, 0, 1, 0),5,2,7
13,(0, 0, 1, 1, 1, 1, 0, 1, 0),5,3,7
13,(0, 1, 0, 1, 1, 1, 0, 1, 0),6,2,7
13,(1, 1, 0, 1, 0, 1, 1, 0, 1),4,2,7
13,(1, 0, 1, 1, 0, 1, 1, 0, 1),3,1,5
13,(0, 0, 1, 0, 0, 1, 1, 0, 1),3,6,6
13,(0, 0, 1, 0, 1, 1, 1, 0, 1),5,3,4
13,(0, 1, 0, 0, 1, 1, 1, 0, 1),5,1,7
13,(0, 0, 0, 0, 1, 1, 1, 0, 1),4,7,5
13,(1, 0, 0, 0, 1, 1, 1, 1, 1),3,20,6
13,(1, 0, 0, 1, 1, 1, 1, 1, 0),4,17,7
13,(1, 1, 0, 0, 1, 0, 1, 0, 0),4,1,6
13,(1, 0, 1, 0, 0, 0, 1, 0, 1),2,10,7
13,(1, 1, 0, 1, 0, 0, 1, 0, 1),5,1,4
13,(0, 1, 1, 0, 1, 1, 0, 1, 1),5,3,5
13,(1, 1, 1, 1, 0, 0, 1, 1, 0),4,10,6
13,(1, 1, 0, 1, 0, 0, 1, 1, 0),3,15,2
13,(0, 0, 1, 1, 1, 0, 1, 0, 0),5,22,5
13,(0, 1, 1, 0, 1, 1, 1, 0, 0),2,20,4
13,(0, 1, 0, 1, 1, 1, 0, 1, 1),4,17,7
13,(1, 1, 1, 1, 0, 0, 0, 1, 0),4,18,5
14,(1, 0, 0, 1, 0, 1, 1, 1, 1),4,11,6
14,(1, 1, 1, 1, 1, 0, 1, 0, 0),6,23,5
14,(0, 1, 0, 1, 0, 1, 1, 1, 1),4,3,2
14,(0, 0, 0, 1, 1, 1, 1, 1, 1),5,3,5
14,(0, 0, 1, 1, 1, 0, 1, 1, 1),6,2,7
14,(0, 0, 1, 1, 0, 1, 1, 1, 1),4,2,4
14,(0, 0, 0, 0, 1, 1, 1, 1, 1),4,2,4
14,(0, 0, 0, 0, 0, 1, 1, 1, 1),3,4,6
14,(1, 0, 0, 0, 1, 0, 1, 1, 1),3,2,5
14,(0, 0, 0, 0, 1, 0, 1, 1, 1),3,3,5
14,(1, 0, 0, 0, 1, 1, 0, 1, 1),2,5,4
14,(1, 0, 1, 1, 1, 1, 0, 0, 1),4,1,1
14,(0, 0, 0, 0, 1, 1, 0, 0, 1),3,7,6
14,(0, 0, 0, 1, 1, 0, 1, 0, 1),6,1,4
14,(0, 0, 1, 1, 1, 0, 0, 0, 1),3,1,5
14,(0, 0, 0, 1, 0, 0, 1, 1, 1),5,1,7
14,(0, 0, 1, 1, 0, 0, 0, 1, 1),4,1,7
14,(0, 0, 0, 1, 0, 1, 1, 0, 1),5,1,7
14,(1, 1, 0, 1, 0, 0, 0, 0, 1),3,5,5
14,(1, 0, 1, 0, 0, 0, 1, 0, 0),4,1,7
14,(1, 1, 1, 1, 0, 0, 1, 0, 0),4,1,4
14,(1, 0, 0, 0, 0, 0, 1, 0, 0),4,6,6
14,(1, 0, 1, 0, 0, 1, 1, 0, 0),4,1,6
14,(0, 0, 0, 1, 1, 1, 1, 0, 0),4,2,7
14,(0, 0, 0, 0, 1, 1, 1, 0, 0),3,4,3
14,(0, 0, 0, 1, 0, 0, 1, 0, 0),4,3,7
14,(1, 1, 0, 0, 0, 0, 1, 0, 0),4,2,7
14,(1, 0, 1, 1, 0, 1, 0, 0, 0),2,2,6
14,(1, 0, 0, 1, 0, 1, 0, 0, 0),4,3,6
14,(1, 1, 0, 1, 0, 0, 0, 0, 0),5,1,5
14,(0, 1, 0, 0, 1, 1, 0, 0, 0),3,2,8
14,(0, 0, 0, 0, 1, 0, 1, 0, 0),5,1,6
14,(0, 0, 0, 0, 0, 1, 0, 0, 1),4,2,7
14,(0, 0, 1, 0, 0, 0, 0, 0, 1),5,1,6
14,(1, 0, 1, 0, 0, 0, 0, 1, 0),5,1,7
14,(0, 0, 0, 0, 0, 0, 0, 1, 1),5,1,5
14,(0, 0, 0, 1, 0, 0, 0, 0, 1),3,1,5
14,(0, 0, 1, 0, 0, 1, 0, 0, 0),2,2,8
14,(0, 0, 0, 0, 1, 1, 0, 0, 0),5,2,4
14,(1, 1, 0, 1, 1, 0, 1, 0, 1),4,3,7
14,(0, 0, 1, 0, 1, 0, 1, 0, 1),5,4,4
14,(0, 0, 1, 1, 1, 1, 0, 1, 1),4,1,6
14,(1, 0, 0, 0, 1, 0, 0, 1, 1),5,2,4
14,(0, 0, 1, 0, 1, 0, 0, 0, 1),6,1,5
14,(0, 0, 1, 1, 1, 1, 0, 0, 0),5,6,7
14,(1, 1, 1, 0, 1, 1, 0, 0, 0),3,1,8
14,(1, 0, 1, 0, 1, 1, 0, 0, 0),3,3,6
14,(1, 0, 0, 1, 1, 0, 0, 0, 0),5,1,9
14,(1, 0, 1, 0, 1, 0, 0, 0, 0),5,3,7
14,(0, 1, 1, 0, 1, 1, 1, 1, 0),3,3,6
14,(1, 0, 1, 0, 1, 1, 1, 1, 0),4,2,6
14,(0, 1, 1, 1, 0, 0, 1, 1, 0),4,5,5
14,(0, 1, 1, 0, 0, 0, 1, 1, 0),4,1,6
14,(0, 1, 0, 1, 1, 0, 1, 1, 0),3,4,5
14,(1, 0, 0, 1, 1, 0, 1, 1, 0),3,4,5
14,(0, 0, 1, 1, 1, 0, 1, 1, 0),4,2,6
14,(0, 0, 0, 0, 1, 0, 1, 1, 0),3,7,4
14,(1, 0, 0, 0, 1, 0, 1, 1, 0),2,1,4
14,(1, 0, 0, 1, 0, 0, 1, 1, 0),5,1,7
14,(0, 1, 0, 0, 1, 1, 0, 1, 0),2,4,5
14,(1, 0, 1, 1, 0, 1, 0, 1, 0),6,1,5
14,(1, 0, 0, 1, 0, 0, 0, 1, 0),3,6,7
14,(0, 0, 0, 0, 0, 1, 0, 1, 1),5,3,6
14,(1, 1, 1, 0, 1, 0, 0, 1, 0),3,1,8
14,(0, 1, 1, 0, 1, 0, 0, 1, 0),3,4,6
14,(0, 0, 1, 1, 1, 0, 0, 1, 0),6,3,3
14,(1, 0, 1, 1, 0, 0, 0, 1, 0),3,4,4
14,(0, 1, 0, 0, 0, 1, 0, 0, 0),5,8,6
14,(1, 0, 1, 0, 0, 0, 1, 1, 1),4,27,8
14,(0, 1, 0, 1, 0, 1, 0, 1, 1),2,2,6
14,(1, 0, 1, 1, 0, 1, 0, 1, 1),4,1,7
14,(0, 1, 0, 0, 0, 1, 0, 1, 1),2,11,6
14,(1, 1, 1, 0, 0, 0, 0, 1, 1),4,22,8
14,(1, 1, 1, 1, 1, 1, 1, 0, 1),5,5,7
14,(1, 1, 1, 1, 1, 0, 1, 1, 1),3,5,8
14,(0, 0, 1, 0, 1, 0, 1, 1, 1),4,7,6
14,(1, 1, 0, 0, 0, 1, 1, 0, 1),3,6,6
14,(1, 1, 1, 0, 1, 0, 0, 0, 0),5,2,4
14,(1, 1, 1, 1, 1, 0, 0, 1, 0),3,4,5
14,(1, 1, 1, 1, 1, 1, 0, 1, 1),2,5,6
14,(1, 0, 1, 0, 1, 1, 1, 0, 0),2,10,6
14,(1, 1, 0, 1, 1, 1, 1, 0, 0),3,1,6
14,(0, 1, 1, 0, 0, 1, 1, 1, 0),5,2,4
14,(1, 0, 1, 1, 1, 0, 0, 0, 0),3,7,6
14,(1, 0, 1, 0, 0, 1, 1, 1, 0),2,31,5
14,(1, 1, 1, 1, 1, 0, 0, 0, 0),6,2,5
14,(0, 1, 1, 1, 1, 0, 0, 0, 0),3,5,5
14,(0, 0, 1, 1, 0, 1, 1, 0, 0),7,1,9
14,(1, 1, 1, 0, 0, 1, 0, 0, 1),2,24,7
14,(1, 1, 1, 0, 0, 0, 0, 1, 0),3,11,3
14,(1, 1, 1, 1, 0, 0, 1, 1, 1),4,9,6
14,(1, 0, 0, 1, 1, 1, 0, 1, 0),4,5,8
14,(1, 0, 0, 0, 0, 1, 1, 0, 1),5,4,8
14,(0, 0, 1, 1, 0, 1, 1, 0, 1),6,3,4
14,(1, 1, 0, 0, 1, 1, 1, 0, 1),2,4,6
14,(1, 0, 1, 1, 1, 1, 1, 0, 1),4,3,4
14,(0, 0, 0, 1, 1, 1, 1, 0, 1),2,32,4
14,(1, 1, 1, 0, 0, 0, 1, 0, 1),2,7,7
14,(1, 1, 1, 0, 0, 0, 1, 0, 0),3,2,3
14,(0, 1, 0, 1, 0, 1, 0, 0, 1),4,15,6
14,(1, 1, 1, 0, 0, 0, 1, 1, 1),2,16,4
14,(0, 1, 1, 1, 1, 0, 1, 0, 0),4,9,6
14,(1, 1, 1, 0, 1, 1, 1, 0, 0),3,13,4
14,(1, 1, 0, 1, 0, 0, 1, 0, 0),2,60,3
14,(1, 1, 0, 0, 0, 0, 0, 0, 1),2,29,8
14,(1, 1, 1, 0, 0, 1, 0, 0, 0),5,1,4
14,(1, 1, 1, 1, 0, 0, 0, 1, 0),5,1,3
15,(1, 0, 1, 1, 1, 0, 1, 1, 1),3,3,6
15,(1, 0, 1, 0, 1, 1, 1, 1, 1),5,1,7
15,(0, 0, 1, 0, 1, 1, 1, 1, 1),6,2,4
15,(0, 0, 1, 1, 0, 1, 1, 1, 1),5,1,5
15,(0, 0, 1, 0, 0, 1, 1, 1, 1),5,2,4
15,(0, 1, 1, 0, 0, 1, 1, 1, 1),3,1,6
15,(0, 1, 0, 0, 0, 1, 1, 1, 1),5,2,6
15,(0, 1, 0, 0, 0, 0, 1, 1, 1),3,4,6
15,(1, 0, 0, 1, 0, 0, 1, 1, 1),4,4,7
15,(1, 0, 0, 0, 1, 0, 1, 1, 1),4,1,6
15,(1, 0, 0, 1, 1, 1, 0, 1, 1),5,4,7
15,(1, 0, 1, 0, 0, 1, 0, 1, 1),4,8,8
15,(1, 1, 1, 1, 1, 1, 0, 0, 1),5,2,6
15,(0, 0, 0, 1, 1, 1, 0, 0, 1),3,10,7
15,(1, 0, 0, 1, 1, 1, 0, 0, 1),4,4,6
15,(1, 0, 1, 0, 1, 1, 0, 0, 1),4,2,7
15,(0, 0, 1, 0, 1, 1, 0, 0, 1),4,2,3
15,(0, 1, 0, 0, 0, 1, 0, 0, 1),3,6,5
15,(0, 1, 0, 0, 1, 1, 1, 0, 1),6,1,6
15,(0, 0, 1, 1, 0, 0, 0, 1, 1),5,1,6
15,(1, 0, 0, 0, 1, 0, 1, 0, 0),4,5,6
15,(0, 1, 1, 0, 1, 0, 1, 0, 0),3,2,6
15,(0, 0, 1, 0, 0, 0, 1, 0, 0),5,8,8
15,(0, 0, 1, 1, 0, 0, 1, 0, 0),4,4,5
15,(1, 0, 0, 0, 0, 1, 1, 0, 0),5,5,5
15,(1, 0, 0, 0, 1, 1, 1, 0, 0),5,2,5
15,(1, 0, 0, 1, 0, 1, 0, 0, 0),5,1,8
15,(0, 0, 1, 1, 0, 0, 0, 0, 0),7,4,7
15,(0, 0, 0, 0, 1, 0, 1, 0, 0),6,1,5
15,(0, 0, 1, 0, 1, 0, 0, 0, 0),4,1,6
15,(0, 0, 0, 0, 0, 0, 1, 0, 1),5,1,5
15,(0, 0, 0, 0, 1, 1, 1, 0, 1),5,1,3
15,(0, 0, 1, 0, 0, 0, 0, 0, 1),6,1,6
15,(0, 1, 1, 0, 0, 0, 0, 0, 0),2,3,8
15,(0, 0, 0, 1, 1, 0, 0, 1, 0),5,1,7
15,(0, 1, 0, 1, 0, 0, 0, 1, 0),5,1,6
15,(0, 0, 0, 0, 1, 0, 0, 1, 0),3,1,7
15,(1, 0, 0, 0, 0, 1, 0, 0, 0),5,1,5
15,(0, 0, 1, 1, 0, 0, 1, 0, 1),3,5,5
15,(1, 1, 1, 0, 0, 0, 0, 0, 1),3,2,3
15,(1, 0, 1, 0, 0, 0, 0, 0, 1),3,6,7
15,(0, 1, 0, 0, 1, 0, 0, 0, 1),5,3,9
15,(0, 0, 1, 0, 1, 0, 0, 0, 1),7,1,6
15,(0, 0, 1, 1, 1, 0, 0, 0, 0),3,19,3
15,(0, 1, 0, 1, 1, 0, 0, 0, 0),5,1,8
15,(0, 1, 1, 0, 1, 1, 1, 1, 0),4,1,7
15,(0, 0, 1, 0, 1, 1, 1, 1, 0),3,6,5
15,(0, 0, 0, 1, 1, 1, 1, 1, 0),6,7,8
15,(1, 1, 0, 1, 1, 0, 1, 1, 0),6,2,5
15,(1, 0, 1, 0, 1, 1, 1, 1, 0),5,1,1
15,(1, 1, 0, 1, 0, 1, 1, 1, 0),4,1,1
15,(0, 0, 0, 0, 1, 1, 1, 1, 0),8,2,5
15,(1, 1, 0, 1, 0, 0, 1, 1, 0),4,1,3
15,(1, 1, 0, 0, 0, 0, 1, 1, 0),4,3,7
15,(1, 0, 0, 0, 1, 0, 1, 1, 0),3,1,6
15,(0, 0, 1, 1, 0, 1, 0, 1, 0),6,7,8
15,(0, 1, 1, 1, 0, 1, 0, 1, 0),5,1,6
15,(0, 1, 0, 1, 0, 1, 0, 1, 0),5,15,6
15,(0, 1, 0, 0, 1, 1, 0, 1, 0),3,1,8
15,(1, 0, 0, 0, 1, 1, 0, 1, 1),3,1,7
15,(0, 0, 1, 0, 1, 0, 0, 1, 0),4,6,6
15,(1, 1, 0, 0, 1, 0, 0, 1, 0),6,3,6
15,(0, 1, 0, 0, 0, 0, 0, 1, 0),3,8,7
15,(1, 1, 0, 0, 0, 0, 0, 0, 0),2,17,5
15,(0, 1, 1, 1, 0, 1, 0, 1, 1),6,2,6
15,(0, 0, 1, 1, 0, 1, 0, 1, 1),3,8,5
15,(0, 1, 1, 0, 0, 1, 0, 1, 1),3,4,6
15,(1, 1, 1, 0, 0, 1, 0, 1, 1),3,8,3
15,(1, 0, 1, 0, 1, 0, 1, 1, 1),3,7,4
15,(0, 1, 0, 1, 1, 1, 1, 1, 0),3,8,7
15,(1, 1, 0, 1, 1, 1, 1, 1, 0),4,5,5
15,(1, 1, 1, 0, 1, 1, 1, 1, 0),3,11,6
15,(1, 0, 1, 1, 1, 0, 0, 1, 1),4,12,8
15,(1, 0, 0, 1, 1, 0, 0, 1, 1),4,4,6
15,(1, 0, 1, 1, 1, 0, 0, 1, 0),3,15,4
15,(1, 0, 0, 1, 1, 0, 0, 1, 0),2,8,3
15,(1, 0, 1, 1, 1, 1, 1, 0, 0),3,3,6
15,(1, 1, 0, 1, 1, 1, 1, 0, 0),4,1,6
15,(1, 1, 1, 0, 0, 1, 1, 1, 0),5,4,5
15,(1, 1, 1, 0, 1, 0, 1, 0, 0),3,22,4
15,(1, 1, 1, 0, 0, 1, 1, 0, 1),6,1,6
15,(1, 1, 1, 1, 1, 0, 0, 0, 1),3,8,6
15,(0, 0, 1, 1, 0, 1, 1, 0, 0),8,1,7
15,(0, 1, 1, 1, 0, 1, 1, 0, 0),4,8,8
15,(0, 1, 1, 0, 0, 1, 0, 0, 1),6,7,6
15,(1, 0, 1, 0, 0, 1, 0, 0, 0),4,6,5
15,(1, 1, 1, 1, 1, 1, 1, 1, 0),4,2,6
15,(1, 0, 1, 1, 1, 1, 1, 1, 0),3,5,6
15,(1, 0, 1, 0, 0, 1, 1, 1, 1),3,8,3
15,(0, 1, 1, 1, 1, 0, 1, 0, 1),4,5,5
15,(1, 1, 1, 1, 1, 0, 1, 0, 1),3,4,3
15,(1, 1, 1, 0, 1, 1, 0, 1, 0),6,7,5
15,(1, 1, 0, 0, 1, 0, 1, 0, 1),4,3,8
15,(0, 1, 0, 0, 0, 1, 0, 1, 0),3,28,4
15,(0, 1, 1, 1, 1, 1, 0, 1, 0),3,4,8
15,(1, 0, 0, 1, 0, 1, 1, 0, 1),3,14,6
15,(1, 0, 1, 1, 1, 1, 1, 0, 1),5,1,4
15,(1, 1, 1, 1, 0, 1, 1, 0, 1),4,4,7
15,(0, 1, 0, 0, 1, 0, 1, 0, 0),3,14,7
15,(0, 1, 0, 1, 0, 0, 1, 0, 1),3,4,7
15,(1, 0, 0, 0, 0, 0, 0, 0, 1),4,2,3
15,(0, 1, 0, 0, 1, 0, 0, 0, 0),1,41,6
15,(1, 1, 1, 0, 1, 1, 1, 1, 1),3,16,5
15,(0, 1, 1, 1, 1, 1, 0, 0, 0),2,12,6
15,(1, 0, 0, 1, 1, 0, 1, 0, 0),3,18,6
15,(0, 1, 1, 0, 1, 1, 0, 1, 1),6,2,8
15,(1, 0, 1, 1, 0, 0, 1, 1, 1),3,19,4
15,(0, 1, 1, 0, 0, 1, 0, 0, 0),6,23,6
15,(1, 1, 0, 1, 0, 0, 0, 1, 1),2,9,7
15,(1, 1, 1, 1, 1, 1, 1, 1, 1),4,1,6
15,(1, 0, 1, 0, 0, 0, 1, 1, 1),5,1,5
16,(0, 1, 0, 1, 0, 1, 1, 1, 1),5,2,7
16,(0, 0, 1, 1, 0, 1, 1, 1, 1),6,1,4
16,(0, 1, 0, 1, 0, 0, 1, 1, 1),6,4,6
16,(1, 0, 1, 0, 1, 1, 0, 1, 1),3,5,6
16,(1, 1, 1, 1, 1, 1, 0, 0, 1),6,1,7
16,(1, 0, 1, 1, 1, 1, 0, 0, 1),5,1,5
16,(0, 1, 0, 0, 1, 1, 0, 0, 1),4,7,5
16,(0, 1, 1, 1, 0, 1, 0, 0, 1),4,5,6
16,(0, 0, 0, 1, 0, 1, 0, 0, 1),6,6,9
16,(1, 0, 0, 1, 0, 1, 0, 0, 1),3,3,5
16,(0, 1, 0, 1, 1, 0, 1, 0, 0),4,5,6
16,(0, 0, 1, 0, 1, 0, 1, 0, 0),3,5,5
16,(1, 0, 0, 1, 0, 0, 1, 0, 0),4,12,7
16,(0, 1, 1, 1, 0, 0, 1, 0, 0),5,4,6
16,(1, 1, 0, 0, 0, 1, 1, 0, 0),3,5,7
16,(1, 0, 1, 0, 0, 1, 1, 0, 0),5,1,5
16,(0, 1, 0, 0, 0, 1, 1, 0, 0),3,4,7
16,(0, 1, 0, 0, 0, 0, 1, 0, 0),5,5,6
16,(1, 1, 0, 0, 0, 0, 1, 0, 0),5,2,4
16,(0, 0, 0, 1, 0, 1, 0, 0, 0),3,6,8
16,(1, 0, 0, 0, 0, 1, 1, 0, 1),6,1,7
16,(0, 0, 0, 0, 1, 1, 1, 0, 1),6,1,5
16,(0, 0, 0, 0, 0, 0, 1, 1, 0),4,3,7
16,(0, 0, 1, 0, 0, 0, 0, 1, 0),4,3,8
16,(1, 0, 1, 0, 0, 0, 0, 1, 0),6,2,7
16,(1, 0, 0, 0, 0, 0, 0, 1, 0),5,3,8
16,(0, 1, 0, 1, 0, 0, 0, 0, 1),5,1,7
16,(1, 0, 0, 1, 0, 0, 0, 0, 1),5,1,6
16,(1, 0, 0, 0, 0, 1, 1, 0, 0),6,1,4
16,(1, 0, 0, 0, 1, 1, 1, 0, 0),6,1,7
16,(0, 0, 0, 0, 1, 1, 1, 0, 0),4,2,5
16,(0, 0, 0, 0, 0, 1, 0, 0, 1),5,2,8
16,(1, 1, 1, 0, 0, 0, 1, 0, 1),3,1,6
16,(1, 0, 1, 0, 0, 0, 1, 0, 1),3,2,6
16,(0, 1, 0, 1, 1, 0, 1, 0, 1),4,6,6
16,(1, 0, 0, 0, 1, 0, 1, 0, 1),6,7,6
16,(0, 1, 0, 1, 1, 1, 0, 1, 1),5,2,8
16,(0, 1, 1, 0, 1, 0, 0, 1, 1),2,2,8
16,(1, 1, 1, 0, 1, 0, 0, 1, 1),6,1,6
16,(0, 0, 1, 0, 1, 0, 1, 0, 1),6,2,6
16,(1, 0, 0, 0, 1, 0, 0, 0, 1),6,2,7
16,(1, 1, 0, 1, 1, 1, 0, 0, 0),3,5,8
16,(0, 1, 1, 0, 1, 1, 0, 0, 0),5,4,7
16,(0, 1, 0, 1, 1, 0, 0, 0, 0),6,1,6
16,(0, 0, 0, 1, 1, 0, 0, 0, 0),2,10,7
16,(0, 1, 1, 0, 0, 0, 1, 1, 0),5,2,8
16,(0, 0, 0, 1, 0, 1, 1, 1, 0),4,4,8
16,(0, 0, 1, 0, 0, 1, 1, 1, 0),2,2,7
16,(1, 0, 1, 0, 0, 1, 1, 1, 0),3,2,4
16,(0, 1, 1, 0, 1, 1, 1, 1, 0),5,1,6
16,(0, 0, 1, 1, 0, 0, 1, 1, 0),5,4,9
16,(0, 1, 1, 1, 0, 0, 1, 1, 0),5,2,6
16,(1, 0, 1, 1, 0, 0, 1, 1, 0),4,3,7
16,(0, 1, 0, 0, 0, 0, 1, 1, 0),4,5,3
16,(1, 0, 0, 1, 0, 1, 1, 1, 0),4,5,7
16,(1, 1, 0, 0, 1, 1, 0, 1, 0),5,5,6
16,(0, 0, 0, 1, 0, 1, 0, 1, 0),3,10,6
16,(0, 0, 0, 0, 0, 1, 0, 1, 0),3,9,7
16,(1, 0, 1, 0, 0, 1, 0, 1, 1),5,1,6
16,(1, 1, 1, 1, 1, 0, 0, 1, 0),4,1,6
16,(0, 1, 0, 1, 1, 0, 0, 1, 0),4,3,7
16,(0, 1, 0, 0, 1, 0, 0, 1, 0),4,4,5
16,(1, 1, 0, 0, 0, 0, 0, 1, 0),5,3,4
16,(1, 1, 0, 1, 1, 0, 0, 0, 1),4,28,7
16,(0, 1, 0, 1, 1, 0, 0, 0, 1),3,13,5
16,(0, 1, 0, 1, 0, 1, 0, 1, 1),3,1,4
16,(1, 1, 0, 1, 0, 1, 0, 1, 1),4,3,7
16,(1, 0, 0, 1, 0, 1, 0, 1, 1),2,5,7
16,(0, 1, 0, 1, 1, 0, 1, 1, 1),4,10,7
16,(1, 1, 0, 0, 1, 1, 0, 0, 0),2,21,6
16,(0, 1, 0, 1, 1, 0, 0, 1, 1),5,4,5
16,(0, 0, 0, 1, 1, 0, 0, 1, 1),3,12,7
16,(1, 0, 1, 0, 1, 0, 0, 1, 1),4,7,6
16,(0, 1, 1, 1, 1, 1, 0, 1, 1),3,5,5
16,(0, 0, 1, 1, 1, 1, 1, 0, 0),3,14,8
16,(0, 1, 0, 0, 1, 1, 1, 0, 0),3,15,5
16,(1, 1, 0, 1, 1, 1, 1, 0, 0),5,2,7
16,(1, 1, 1, 1, 1, 0, 0, 1, 1),4,9,6
16,(1, 1, 1, 1, 0, 1, 0, 0, 0),5,8,8
16,(1, 0, 1, 1, 0, 1, 1, 0, 0),2,18,6
16,(0, 0, 1, 1, 0, 1, 1, 0, 0),9,1,6
16,(0, 1, 1, 1, 1, 1, 1, 1, 0),3,7,6
16,(1, 1, 1, 1, 0, 1, 1, 1, 1),4,3,5
16,(1, 1, 1, 0, 1, 1, 0, 1, 0),7,1,7
16,(0, 1, 1, 0, 1, 1, 0, 1, 0),4,6,3
16,(1, 1, 1, 0, 0, 1, 0, 1, 0),6,2,5
16,(0, 0, 0, 1, 1, 1, 0, 1, 0),2,64,6
16,(1, 0, 0, 1, 1, 1, 0, 1, 0),5,35,7
16,(0, 1, 0, 1, 1, 1, 0, 1, 0),7,3,3
16,(1, 1, 0, 1, 0, 1, 0, 0, 0),4,21,6
16,(1, 0, 1, 0, 1, 1, 1, 0, 1),5,4,6
16,(1, 1, 0, 0, 1, 1, 1, 0, 1),3,1,7
16,(0, 1, 1, 1, 1, 1, 1, 0, 1),4,4,8
16,(1, 1, 0, 1, 1, 1, 1, 0, 1),5,5,7
16,(0, 1, 1, 1, 0, 1, 1, 0, 1),2,16,6
16,(1, 1, 0, 0, 1, 1, 1, 1, 1),4,3,7
16,(1, 1, 0, 1, 1, 1, 1, 1, 1),2,18,5
16,(1, 1, 1, 0, 1, 0, 1, 0, 0),4,85,6
16,(1, 1, 0, 0, 1, 0, 1, 0, 0),5,17,4
16,(1, 1, 0, 1, 0, 0, 1, 0, 0),3,1,7
16,(1, 0, 0, 1, 0, 0, 1, 0, 1),4,3,5
16,(1, 1, 0, 0, 0, 0, 1, 0, 1),5,26,6
16,(1, 1, 1, 0, 0, 0, 1, 0, 0),4,2,6
16,(1, 1, 0, 1, 0, 1, 0, 0, 1),3,13,5
16,(0, 1, 0, 0, 1, 1, 0, 1, 1),1,71,4
16,(1, 1, 0, 0, 1, 1, 0, 1, 1),3,3,6
16,(1, 1, 1, 1, 0, 0, 1, 1, 1),5,1,7
16,(1, 1, 0, 1, 1, 0, 1, 0, 0),3,32,3
16,(1, 1, 1, 1, 1, 1, 1, 0, 0),2,3,7
17,(0, 1, 1, 0, 1, 1, 1, 1, 1),3,14,3
17,(0, 0, 1, 0, 0, 0, 1, 1, 1),2,11,6
17,(0, 1, 1, 1, 1, 0, 1, 1, 1),3,4,7
17,(0, 0, 1, 1, 1, 0, 1, 1, 1),7,2,8
17,(0, 1, 1, 1, 0, 1, 1, 1, 1),3,2,3
17,(1, 0, 0, 0, 0, 1, 1, 1, 1),4,6,8
17,(0, 1, 0, 0, 1, 0, 1, 1, 1),6,5,7
17,(1, 0, 0, 0, 0, 0, 1, 1, 1),3,9,7
17,(1, 1, 1, 1, 1, 1, 0, 0, 1),7,1,7
17,(1, 0, 1, 1, 1, 1, 0, 0, 1),6,1,7
17,(0, 0, 1, 1, 1, 1, 0, 0, 1),7,9,8
17,(0, 1, 0, 0, 0, 1, 1, 1, 1),6,2,7
17,(0, 0, 1, 1, 1, 0, 0, 0, 1),4,3,8
17,(0, 0, 0, 1, 0, 0, 0, 1, 1),4,6,8
17,(0, 0, 0, 1, 1, 1, 0, 0, 1),4,2,7
17,(1, 0, 1, 1, 0, 0, 0, 0, 1),5,4,7
17,(1, 0, 1, 0, 0, 1, 1, 0, 0),6,1,5
17,(1, 0, 1, 0, 1, 1, 1, 0, 0),3,2,5
17,(0, 1, 0, 1, 1, 0, 1, 0, 0),5,1,5
17,(1, 0, 1, 1, 1, 0, 1, 0, 0),5,2,8
17,(0, 1, 1, 1, 0, 1, 0, 0, 0),4,5,4
17,(1, 0, 0, 1, 1, 1, 0, 0, 0),4,5,7
17,(0, 0, 1, 1, 0, 1, 0, 0, 0),4,4,6
17,(1, 0, 0, 1, 0, 1, 0, 0, 0),6,2,5
17,(1, 1, 1, 1, 0, 0, 0, 0, 0),6,4,8
17,(0, 1, 1, 1, 1, 1, 0, 0, 0),3,1,6
17,(1, 0, 1, 0, 1, 1, 0, 0, 0),4,2,5
17,(0, 0, 0, 0, 1, 0, 0, 0, 0),4,7,8
17,(1, 0, 0, 1, 0, 1, 1, 0, 1),4,1,5
17,(0, 0, 1, 1, 0, 1, 1, 0, 1),7,2,7
17,(0, 0, 1, 0, 0, 1, 1, 1, 1),6,1,6
17,(1, 0, 0, 0, 0, 1, 1, 0, 1),7,1,6
17,(0, 0, 1, 0, 0, 1, 1, 0, 1),4,3,7
17,(0, 1, 1, 0, 0, 1, 0, 0, 1),7,1,6
17,(1, 0, 0, 0, 0, 1, 0, 0, 1),4,4,6
17,(0, 0, 0, 0, 1, 0, 1, 1, 0),4,4,7
17,(0, 1, 0, 1, 0, 0, 0, 1, 0),6,2,6
17,(0, 0, 0, 1, 0, 0, 0, 1, 0),7,4,5
17,(0, 0, 0, 0, 0, 0, 0, 0, 1),4,2,8
17,(0, 0, 0, 0, 0, 0, 1, 1, 1),4,2,6
17,(0, 0, 0, 0, 0, 1, 0, 1, 1),6,2,7
17,(0, 0, 0, 0, 0, 0, 0, 1, 1),6,3,5
17,(0, 0, 1, 0, 0, 0, 0, 1, 0),5,1,7
17,(0, 1, 0, 0, 0, 0, 0, 1, 0),4,1,4
17,(0, 0, 0, 1, 0, 0, 1, 0, 0),5,3,9
17,(1, 1, 0, 1, 0, 0, 0, 0, 1),4,1,1
17,(0, 0, 0, 1, 0, 0, 0, 0, 0),4,5,5
17,(0, 1, 0, 0, 1, 1, 0, 0, 1),5,1,7
17,(0, 0, 0, 0, 1, 1, 0, 0, 1),4,2,5
17,(0, 1, 0, 0, 0, 1, 0, 0, 1),4,2,6
17,(1, 0, 1, 0, 0, 1, 0, 0, 0),5,1,7
17,(0, 0, 1, 0, 0, 1, 0, 0, 0),3,3,7
17,(1, 1, 0, 0, 0, 1, 0, 0, 0),4,1,5
17,(0, 0, 0, 0, 0, 1, 0, 0, 0),5,6,6
17,(0, 1, 1, 0, 0, 0, 1, 0, 1),3,7,9
17,(1, 1, 0, 1, 1, 0, 1, 0, 1),5,3,3
17,(1, 0, 0, 1, 1, 0, 1, 0, 1),4,3,6
17,(0, 1, 0, 1, 1, 1, 0, 1, 1),6,15,4
17,(0, 0, 0, 1, 1, 1, 0, 1, 1),4,15,5
17,(0, 0, 1, 0, 1, 0, 0, 1, 1),5,4,8
17,(0, 0, 1, 0, 1, 0, 1, 1, 1),5,2,4
17,(0, 1, 0, 0, 1, 0, 0, 1, 1),4,3,5
17,(1, 0, 1, 0, 1, 0, 0, 0, 1),5,5,7
17,(0, 1, 0, 1, 1, 0, 1, 0, 1),5,1,4
17,(1, 0, 0, 0, 1, 0, 1, 0, 1),7,1,6
17,(0, 1, 1, 0, 1, 0, 1, 0, 1),4,4,6
17,(0, 1, 0, 0, 0, 0, 0, 0, 0),3,4,8
17,(0, 1, 0, 1, 1, 1, 0, 0, 0),3,9,6
17,(1, 1, 1, 0, 1, 1, 0, 0, 0),4,3,5
17,(0, 1, 1, 1, 1, 0, 0, 0, 0),4,1,7
17,(1, 0, 1, 1, 1, 1, 1, 1, 0),4,1,8
17,(1, 1, 0, 1, 1, 1, 1, 1, 0),5,2,5
17,(1, 1, 0, 1, 1, 0, 1, 1, 0),7,4,7
17,(0, 0, 1, 0, 1, 0, 1, 1, 0),3,7,6
17,(1, 0, 1, 0, 1, 0, 1, 1, 0),3,3,8
17,(1, 1, 0, 1, 0, 1, 1, 1, 0),5,1,7
17,(0, 1, 1, 0, 1, 1, 1, 1, 0),6,1,4
17,(1, 1, 1, 1, 0, 0, 1, 1, 0),5,2,6
17,(1, 1, 0, 1, 0, 1, 0, 1, 0),4,7,5
17,(1, 0, 0, 1, 0, 1, 0, 1, 0),3,8,2
17,(1, 1, 1, 1, 0, 1, 0, 1, 0),3,1,4
17,(0, 1, 1, 1, 0, 1, 0, 1, 0),6,1,5
17,(0, 0, 0, 0, 1, 1, 0, 1, 0),3,4,7
17,(1, 0, 0, 0, 0, 1, 0, 1, 0),6,4,6
17,(0, 1, 0, 0, 1, 1, 0, 1, 1),2,1,1
17,(1, 0, 1, 0, 0, 1, 0, 1, 1),6,1,8
17,(0, 0, 1, 0, 0, 1, 0, 1, 1),6,4,5
17,(1, 1, 1, 0, 1, 0, 0, 1, 0),4,2,6
17,(0, 1, 1, 0, 1, 0, 0, 1, 0),4,3,6
17,(0, 1, 1, 1, 1, 0, 0, 1, 0),4,3,5
17,(1, 1, 0, 0, 1, 0, 0, 1, 0),7,2,6
17,(1, 1, 0, 0, 0, 1, 0, 1, 1),4,6,7
17,(1, 1, 1, 0, 1, 0, 1, 1, 1),6,7,7
17,(1, 1, 0, 1, 1, 0, 0, 1, 1),5,5,6
17,(0, 1, 1, 1, 1, 0, 0, 1, 1),5,6,4
17,(1, 0, 1, 1, 1, 0, 0, 0, 1),3,7,5
17,(1, 1, 1, 0, 1, 0, 1, 0, 1),3,15,5
17,(1, 0, 1, 1, 1, 1, 1, 1, 1),4,6,6
17,(0, 1, 0, 0, 1, 0, 1, 0, 1),2,44,5
17,(1, 1, 0, 0, 0, 1, 0, 1, 0),5,6,2
17,(1, 1, 1, 0, 0, 1, 0, 1, 0),7,1,5
17,(0, 1, 0, 1, 0, 1, 1, 0, 1),3,12,7
17,(1, 1, 0, 0, 1, 1, 1, 0, 1),4,1,6
17,(1, 0, 0, 0, 1, 1, 1, 0, 1),4,7,3
17,(0, 1, 0, 1, 1, 1, 1, 0, 1),4,7,4
17,(0, 1, 0, 0, 1, 1, 1, 1, 1),3,18,3
17,(1, 1, 0, 1, 0, 0, 1, 0, 1),6,3,3
17,(1, 0, 0, 0, 0, 0, 1, 0, 1),2,48,4
17,(1, 1, 0, 0, 1, 0, 0, 0, 0),3,4,7
17,(1, 1, 1, 1, 1, 1, 0, 0, 0),3,10,4
17,(1, 1, 0, 1, 1, 0, 0, 0, 1),5,1,5
17,(0, 1, 1, 1, 0, 0, 0, 1, 0),3,21,6
17,(0, 1, 0, 1, 0, 0, 0, 1, 1),3,13,5
17,(1, 0, 0, 1, 0, 0, 0, 1, 1),4,9,6
18,(0, 1, 1, 1, 0, 1, 1, 1, 1),4,1,5
18,(1, 0, 1, 0, 1, 1, 1, 1, 1),6,3,6
18,(1, 1, 0, 0, 1, 0, 1, 1, 1),4,5,6
18,(1, 1, 1, 1, 1, 1, 0, 0, 1),8,1,7
18,(0, 1, 0, 0, 1, 1, 1, 0, 1),7,1,2
18,(0, 1, 1, 1, 1, 0, 0, 0, 1),5,3,5
18,(0, 0, 1, 1, 1, 0, 0, 0, 1),5,1,6
18,(0, 1, 0, 1, 0, 0, 1, 1, 1),7,2,7
18,(0, 0, 1, 1, 0, 0, 0, 1, 1),6,3,8
18,(1, 0, 1, 0, 0, 1, 1, 0, 0),7,1,4
18,(0, 0, 1, 0, 0, 1, 1, 0, 0),4,6,6
18,(0, 1, 1, 0, 1, 1, 1, 0, 0),3,4,5
18,(0, 1, 0, 1, 1, 0, 1, 0, 0),6,1,6
18,(1, 1, 1, 1, 1, 0, 1, 0, 0),7,2,6
18,(1, 0, 1, 1, 1, 0, 1, 0, 0),6,1,8
18,(0, 0, 1, 1, 1, 0, 1, 0, 0),6,4,7
18,(0, 1, 1, 1, 0, 0, 0, 0, 0),4,5,7
18,(0, 0, 0, 1, 1, 1, 0, 0, 0),4,6,5
18,(1, 0, 0, 0, 1, 1, 0, 0, 0),4,6,7
18,(1, 0, 0, 0, 1, 0, 1, 0, 0),5,2,8
18,(0, 0, 1, 0, 1, 0, 0, 0, 0),5,3,8
18,(1, 0, 1, 0, 1, 0, 0, 0, 0),6,2,6
18,(0, 1, 0, 1, 1, 0, 0, 0, 0),7,24,4
18,(0, 0, 0, 1, 0, 1, 1, 0, 1),6,4,6
18,(1, 0, 0, 1, 0, 1, 1, 0, 1),5,2,6
18,(0, 1, 0, 1, 0, 0, 1, 0, 1),4,1,5
18,(0, 0, 0, 0, 1, 1, 1, 1, 1),5,2,7
18,(1, 0, 0, 0, 0, 1, 1, 1, 1),5,1,7
18,(0, 0, 0, 0, 0, 1, 1, 1, 1),4,3,4
18,(1, 0, 1, 0, 1, 1, 1, 0, 1),6,1,7
18,(0, 0, 1, 0, 1, 1, 1, 0, 1),6,2,6
18,(0, 0, 1, 0, 0, 0, 0, 0, 1),7,3,8
18,(0, 0, 1, 0, 0, 0, 0, 0, 0),4,8,5
18,(0, 1, 0, 0, 0, 0, 1, 0, 0),6,2,7
18,(0, 0, 0, 0, 0, 0, 0, 0, 1),5,1,6
18,(0, 0, 0, 0, 0, 0, 1, 1, 0),5,2,8
18,(0, 0, 0, 1, 0, 0, 0, 1, 0),8,1,5
18,(1, 0, 0, 0, 0, 0, 0, 1, 0),6,1,6
18,(0, 0, 0, 0, 1, 0, 0, 1, 0),4,3,8
18,(0, 0, 1, 1, 0, 0, 1, 0, 0),5,4,7
18,(0, 0, 0, 0, 1, 1, 1, 0, 0),5,1,8
18,(0, 0, 0, 1, 1, 1, 1, 0, 0),5,3,6
18,(0, 0, 0, 0, 1, 1, 0, 0, 0),6,3,3
18,(0, 0, 1, 1, 0, 1, 0, 0, 0),5,1,8
18,(1, 0, 0, 1, 0, 1, 0, 0, 0),7,1,8
18,(1, 0, 1, 1, 0, 0, 1, 0, 1),5,4,8
18,(0, 0, 1, 1, 0, 0, 1, 0, 1),4,3,6
18,(1, 0, 1, 1, 1, 0, 1, 0, 1),4,3,5
18,(0, 1, 1, 1, 1, 1, 0, 1, 1),4,1,5
18,(0, 1, 1, 0, 1, 0, 0, 1, 1),3,2,5
18,(0, 1, 0, 0, 1, 0, 1, 1, 1),7,1,5
18,(1, 1, 0, 0, 1, 0, 0, 1, 1),3,3,4
18,(0, 1, 0, 0, 1, 0, 0, 1, 1),5,1,4
18,(1, 1, 1, 0, 1, 0, 0, 0, 1),5,4,7
18,(1, 1, 0, 0, 1, 0, 0, 0, 1),5,5,5
18,(1, 1, 0, 0, 0, 0, 0, 0, 0),3,2,6
18,(0, 1, 0, 0, 0, 1, 0, 0, 1),5,1,8
18,(1, 0, 1, 1, 1, 0, 0, 0, 0),4,2,6
18,(1, 0, 0, 1, 1, 0, 0, 0, 0),6,3,7
18,(1, 0, 1, 1, 1, 1, 1, 1, 0),5,1,8
18,(0, 1, 1, 0, 0, 1, 1, 1, 0),6,3,8
18,(0, 0, 0, 0, 1, 1, 1, 1, 0),9,2,6
18,(1, 0, 1, 1, 0, 0, 1, 1, 0),5,1,9
18,(0, 0, 0, 1, 0, 0, 1, 1, 0),6,7,6
18,(1, 0, 0, 1, 0, 0, 1, 1, 0),6,4,7
18,(1, 1, 0, 0, 1, 0, 1, 1, 0),4,18,6
18,(1, 0, 1, 1, 0, 1, 0, 1, 0),7,2,7
18,(0, 1, 0, 0, 1, 1, 0, 1, 0),4,3,6
18,(1, 0, 0, 0, 1, 1, 0, 1, 1),4,3,8
18,(0, 1, 1, 0, 1, 1, 0, 1, 1),7,2,5
18,(1, 0, 1, 0, 1, 1, 0, 1, 1),4,2,6
18,(1, 1, 1, 0, 0, 1, 0, 1, 1),4,1,6
18,(1, 1, 1, 0, 0, 0, 0, 1, 0),4,3,6
18,(1, 1, 1, 0, 0, 0, 1, 1, 1),3,3,6
18,(0, 1, 1, 0, 0, 0, 1, 1, 1),4,11,8
18,(0, 1, 0, 1, 0, 1, 0, 1, 1),4,1,6
18,(1, 0, 0, 1, 0, 1, 0, 1, 1),3,1,7
18,(1, 0, 1, 1, 0, 1, 0, 1, 1),5,4,7
18,(1, 1, 1, 1, 0, 1, 0, 1, 1),5,7,5
18,(1, 1, 0, 1, 0, 1, 0, 1, 1),5,2,4
18,(1, 1, 1, 0, 1, 1, 0, 0, 1),2,11,6
18,(1, 1, 1, 1, 1, 0, 1, 1, 0),2,31,6
18,(1, 0, 1, 1, 1, 0, 0, 1, 1),5,3,7
18,(1, 1, 1, 1, 1, 1, 0, 1, 1),3,4,5
18,(1, 0, 1, 1, 1, 1, 1, 0, 0),4,3,6
18,(1, 1, 1, 1, 1, 0, 0, 0, 0),7,3,5
18,(1, 1, 0, 1, 0, 1, 1, 0, 0),4,4,8
18,(0, 1, 1, 1, 0, 1, 1, 0, 0),5,1,8
18,(0, 1, 0, 1, 0, 1, 1, 0, 0),5,4,6
18,(1, 1, 1, 1, 0, 0, 1, 0, 1),5,7,6
18,(1, 1, 0, 0, 1, 0, 1, 0, 1),5,2,3
18,(1, 1, 1, 0, 1, 1, 0, 1, 0),8,2,7
18,(1, 1, 1, 1, 1, 1, 0, 1, 0),5,5,4
18,(0, 1, 1, 1, 1, 1, 0, 1, 0),4,7,5
18,(1, 1, 0, 1, 0, 1, 1, 0, 1),5,8,4
18,(1, 1, 1, 1, 0, 1, 1, 0, 1),5,3,5
18,(1, 0, 1, 0, 1, 0, 1, 0, 0),2,15,4
18,(1, 1, 0, 1, 0, 0, 1, 0, 0),4,1,6
18,(0, 1, 0, 1, 0, 0, 1, 0, 0),3,18,3
18,(1, 0, 0, 0, 0, 0, 1, 0, 0),5,4,7
18,(1, 1, 0, 0, 1, 1, 0, 0, 0),3,2,6
18,(0, 1, 1, 1, 1, 1, 1, 0, 0),2,32,6
18,(0, 0, 0, 1, 1, 0, 1, 1, 1),4,31,7
18,(0, 1, 1, 1, 1, 1, 1, 1, 1),6,23,3
18,(1, 1, 1, 1, 1, 1, 1, 1, 1),5,28,5
18,(1, 0, 0, 1, 1, 0, 1, 1, 1),3,31,7
